-- phpMyAdmin SQL Dump
-- version 3.2.4
-- http://www.phpmyadmin.net
--
-- Host: localhost
-- Generation Time: Mar 18, 2010 at 11:49 
-- Server version: 5.1.41
-- PHP Version: 5.3.1

SET SQL_MODE="NO_AUTO_VALUE_ON_ZERO";


/*!40101 SET @OLD_CHARACTER_SET_CLIENT=@@CHARACTER_SET_CLIENT */;
/*!40101 SET @OLD_CHARACTER_SET_RESULTS=@@CHARACTER_SET_RESULTS */;
/*!40101 SET @OLD_COLLATION_CONNECTION=@@COLLATION_CONNECTION */;
/*!40101 SET NAMES utf8 */;

--
-- Database: `pkl49`
--

-- --------------------------------------------------------

--
-- Table structure for table `blok1`
--

CREATE TABLE IF NOT EXISTS `blok1` (
  `B1R1` varchar(2) DEFAULT NULL COMMENT 'Kode Kabupaten',
  `B1R3` varchar(3) DEFAULT NULL COMMENT 'Kode Kecamatan',
  `B1R4` varchar(3) DEFAULT NULL COMMENT 'Kode Desa/Kel',
  `B1R5` varchar(255) DEFAULT NULL,
  `B1R6` varchar(255) DEFAULT NULL,
  `B1R7` varchar(255) DEFAULT NULL,
  `B1R8` varchar(255) DEFAULT NULL,
  `B1R9` varchar(255) DEFAULT NULL,
  `NKS` varchar(255) NOT NULL DEFAULT '',
  `Pengentri` char(7) DEFAULT NULL,
  PRIMARY KEY (`NKS`),
  KEY `Pengentri` (`Pengentri`),
  KEY `B1R1` (`B1R1`),
  KEY `B1R3` (`B1R3`),
  KEY `B1R4` (`B1R4`)
) ENGINE=InnoDB DEFAULT CHARSET=utf8;

--
-- Dumping data for table `blok1`
--

INSERT INTO `blok1` (`B1R1`, `B1R3`, `B1R4`, `B1R5`, `B1R6`, `B1R7`, `B1R8`, `B1R9`, `NKS`, `Pengentri`) VALUES
('02', '010', '010', '111B', '020', '01', 'FJKDSF', 'FJSDF', '02010010111B02001', NULL),
('02', '020', '003', '122B', '200', '02', 'LIK', 'ASS', '02020003122B20002', NULL),
('02', '020', '005', '121B', '222', '13', 'DDASD', 'SDAS', '02020005121B22213', NULL),
('02', '020', '014', '010B', '031', '02', 'KIN', 'KIN', '02020014010B03102', NULL),
('02', '020', '016', '021B', '210', '02', 'KIL', 'ALAM', '02020016021B21002', NULL),
('02', '020', '020', '121B', '012', '12', 'KIL', 'LIK', '02020020121B01212', NULL),
('02', '020', '023', '213B', '012', '02', 'JIK', 'ALAM', '02020023213B01202', NULL),
('02', '020', '046', '020B', '200', '02', 'UIK', 'KI', '02020046020B20002', NULL),
('02', '021', '010', '012B', '021', '01', 'LO', 'PO', '02021010012B02101', NULL),
('02', '021', '022', '222B', '020', '02', 'PO', 'PL', '02021022222B02002', NULL),
('02', '021', '023', '012B', '012', '01', 'ADA', 'AS', '02021023012B01201', NULL),
('02', '021', '054', '021B', '100', '02', 'POL', 'LIK', '02021054021B10002', NULL),
('02', '022', '006', '122B', '200', '02', 'GDF', '22', '02022006122B20002', NULL),
('02', '022', '016', '010B', '020', '02', 'KIN', '0230', '02022016010B02002', NULL);

-- --------------------------------------------------------

--
-- Table structure for table `blok2`
--

CREATE TABLE IF NOT EXISTS `blok2` (
  `NKS` varchar(255) DEFAULT NULL,
  `B2R1` int(11) DEFAULT NULL,
  `B2R2` int(11) DEFAULT NULL,
  `B2R3` int(11) DEFAULT NULL,
  `B2R4` int(11) DEFAULT NULL,
  `B2R5` int(11) DEFAULT NULL,
  `B2R6` int(11) DEFAULT NULL
) ENGINE=InnoDB DEFAULT CHARSET=utf8;

--
-- Dumping data for table `blok2`
--

INSERT INTO `blok2` (`NKS`, `B2R1`, `B2R2`, `B2R3`, `B2R4`, `B2R5`, `B2R6`) VALUES
('02022016010B02002', 2, 0, 0, 0, 2, 0),
('02020014010B03102', 1, 0, 0, 0, 1, 0),
('02020020121B01212', 2, 0, 0, 0, 2, 0),
('02020003122B20002', 2, 0, 0, 0, 2, 0),
('02022006122B20002', 2, 0, 0, 0, 2, 0),
('02020005121B22213', 2, 0, 0, 0, 2, 0),
('02010010111B02001', 3, 0, 0, 0, 3, 0),
('02020016021B21002', 2, 0, 0, 0, 2, 0),
('02020023213B01202', 1, 0, 0, 0, 1, 0),
('02021022222B02002', 1, 0, 0, 0, 1, 0),
('02020046020B20002', 1, 0, 0, 0, 1, 0),
('02021054021B10002', 1, 0, 0, 0, 1, 0),
('02021010012B02101', 1, 0, 0, 0, 1, 0),
('02021023012B01201', 1, 0, 0, 0, 1, 0);

-- --------------------------------------------------------

--
-- Table structure for table `blok3`
--

CREATE TABLE IF NOT EXISTS `blok3` (
  `NKS` varchar(255) DEFAULT NULL,
  `B3R2` varchar(255) DEFAULT NULL,
  `B3R3` varchar(255) DEFAULT NULL,
  `B3R6` varchar(255) DEFAULT NULL,
  `B3R7` varchar(255) DEFAULT NULL
) ENGINE=InnoDB DEFAULT CHARSET=utf8;

--
-- Dumping data for table `blok3`
--

INSERT INTO `blok3` (`NKS`, `B3R2`, `B3R3`, `B3R6`, `B3R7`) VALUES
('02022016010B02002', '07.5423', '02/02/2010', '07.5423', '02/02/2010'),
('02020014010B03102', '07.5423', '02/02/2010', '07.5423', '02/02/2010'),
('02020020121B01212', '07.5423', '12/02/2010', '07.5423', '12/02/2010'),
('02020003122B20002', '07.5423', '12/02/2010', '07.5423', '12/02/2010'),
('02022006122B20002', '07.5423', '12/12/2010', '07.5423', '12/12/2010'),
('02020005121B22213', '07.5423', '11/11/2010', '07.5423', '11/11/2010'),
('02010010111B02001', '07.5423', '01/02/2010', '07.5423', '12/02/2010'),
('02020016021B21002', '07.5423', '17/02/2010', '07.5423', '17/02/2010'),
('02020023213B01202', '07.5422', '02/02/2010', '07.5423', '02/02/2010'),
('02021022222B02002', '07.5423', '12/03/2010', '07.5423', '12/12/2010'),
('02020046020B20002', '07.5423', '12/02/2010', '07.5423', '12/12/2010'),
('02021054021B10002', '07.5423', '12/02/2010', '07.5423', '12/02/2010'),
('02021010012B02101', '07.5422', '02/02/2010', '07.5423', '02/02/2010'),
('02021023012B01201', '07.5423', '12/02/2010', '07.5423', '12/12/2010');

-- --------------------------------------------------------

--
-- Table structure for table `blok4`
--

CREATE TABLE IF NOT EXISTS `blok4` (
  `NKS` varchar(255) DEFAULT NULL,
  `NO_URUT` varchar(255) DEFAULT NULL,
  `B4K2` varchar(255) DEFAULT NULL,
  `B4K3` int(11) DEFAULT NULL,
  `B4K4` int(11) DEFAULT NULL,
  `B4K5` int(11) DEFAULT NULL,
  `B4K6` int(11) DEFAULT NULL,
  `B4K7` int(11) DEFAULT NULL,
  `B4K8` int(11) DEFAULT NULL,
  `B4K9` int(11) DEFAULT NULL
) ENGINE=InnoDB DEFAULT CHARSET=utf8;

--
-- Dumping data for table `blok4`
--

INSERT INTO `blok4` (`NKS`, `NO_URUT`, `B4K2`, `B4K3`, `B4K4`, `B4K5`, `B4K6`, `B4K7`, `B4K8`, `B4K9`) VALUES
('02022016010B02002', '1', 'KIN', 1, 1, 22, 3, 1, 8, 2),
('02022016010B02002', '2', 'AV', 2, 2, 22, 3, 1, 8, 2),
('02020014010B03102', '1', 'KIN', 1, 2, 32, 2, 2, 2, 2),
('02020020121B01212', '1', 'KIL', 1, 2, 22, 2, 2, 2, 2),
('02020020121B01212', '2', 'SL', 2, 1, 22, 2, 2, 2, 2),
('02020003122B20002', '1', 'LIK', 1, 1, 22, 2, 2, 2, 2),
('02020003122B20002', '2', 'SA', 2, 2, 22, 2, 2, 2, 2),
('02022006122B20002', '1', 'GDF', 1, 1, 22, 2, 2, 2, 2),
('02022006122B20002', '2', 'FGD', 2, 2, 22, 2, 2, 2, 2),
('02020005121B22213', '1', 'DDASD', 1, 1, 22, 2, 2, 2, 2),
('02020005121B22213', '2', 'SDASDAS', 2, 2, 22, 2, 2, 2, 2),
('02010010111B02001', '1', 'FJKDSF', 1, 1, 22, 2, 2, 2, 2),
('02010010111B02001', '2', 'HFGH', 2, 2, 22, 2, 2, 2, 2),
('02010010111B02001', '3', 'HFHF', 3, 2, 22, 2, 2, 2, 2),
('02020016021B21002', '1', 'KIL', 1, 1, 22, 3, 2, 8, 3),
('02020016021B21002', '2', 'LIK', 2, 2, 22, 3, 2, 8, 3),
('02020023213B01202', '1', 'JIK', 1, 2, 22, 3, 2, 8, 3),
('02021022222B02002', '1', 'PO', 1, 1, 22, 2, 2, 2, 2),
('02020046020B20002', '1', 'UIK', 1, 1, 22, 3, 2, 8, 3),
('02021054021B10002', '1', 'POL', 1, 2, 22, 3, 3, 8, 4),
('02021010012B02101', '1', 'LO', 1, 1, 21, 3, 4, 8, 5),
('02021023012B01201', '1', 'ADA', 1, 1, 22, 2, 2, 8, 2);

-- --------------------------------------------------------

--
-- Table structure for table `blok5a`
--

CREATE TABLE IF NOT EXISTS `blok5a` (
  `NKS` varchar(255) DEFAULT NULL,
  `B5R1A` int(11) DEFAULT NULL,
  `NO_URUT` int(11) DEFAULT NULL,
  `B5R2` int(11) DEFAULT NULL,
  `B5R3` int(11) DEFAULT NULL,
  `B5R4A1` varchar(255) DEFAULT NULL,
  `B5R4A2` int(11) DEFAULT NULL,
  `B5R4B` int(11) DEFAULT NULL,
  `B5R4BLain` varchar(255) DEFAULT NULL,
  `B5R5` int(11) DEFAULT NULL,
  `B5AR6A` int(11) DEFAULT NULL,
  `B5AR6B` int(11) DEFAULT NULL,
  `B5AR6C` int(11) DEFAULT NULL,
  `B5AR6D` int(11) DEFAULT NULL,
  `B5AR6E` int(11) DEFAULT NULL,
  `B5AR6F` int(11) DEFAULT NULL,
  `B5AR6G` int(11) DEFAULT NULL,
  `B5AR6H` int(11) DEFAULT NULL,
  `B5AR6HLain` varchar(255) DEFAULT NULL,
  `B5AR7` int(11) DEFAULT NULL,
  `B5AR8` int(11) DEFAULT NULL,
  `B5AR9A` int(11) DEFAULT NULL,
  `B5AR9B1` int(11) DEFAULT NULL,
  `B5AR9B2` int(11) DEFAULT NULL,
  `B5AR9B3` int(11) DEFAULT NULL,
  `B5AR9B3Lain` varchar(255) DEFAULT NULL,
  `B5AR10` int(11) DEFAULT NULL,
  `B5AR11A` int(11) DEFAULT NULL,
  `B5AR11B` int(11) DEFAULT NULL,
  `B5AR11C` int(11) DEFAULT NULL,
  `B5AR11D` int(11) DEFAULT NULL,
  `B5AR11E` int(11) DEFAULT NULL,
  `B5AR11F` int(11) DEFAULT NULL,
  `B5AR11G` int(11) DEFAULT NULL,
  `B5AR11H` int(11) DEFAULT NULL,
  `B5AR11Lain` varchar(255) DEFAULT NULL,
  `B5AR12` int(11) DEFAULT NULL,
  `B5AR13A` int(11) DEFAULT NULL,
  `B5AR13B` int(11) DEFAULT NULL,
  `B5AR13C` int(11) DEFAULT NULL,
  `B5AR13D` int(11) DEFAULT NULL,
  `B5AR13E` int(11) DEFAULT NULL,
  `B5AR13F` int(11) DEFAULT NULL,
  `B5AR13Lain` varchar(255) DEFAULT NULL
) ENGINE=InnoDB DEFAULT CHARSET=utf8;

--
-- Dumping data for table `blok5a`
--

INSERT INTO `blok5a` (`NKS`, `B5R1A`, `NO_URUT`, `B5R2`, `B5R3`, `B5R4A1`, `B5R4A2`, `B5R4B`, `B5R4BLain`, `B5R5`, `B5AR6A`, `B5AR6B`, `B5AR6C`, `B5AR6D`, `B5AR6E`, `B5AR6F`, `B5AR6G`, `B5AR6H`, `B5AR6HLain`, `B5AR7`, `B5AR8`, `B5AR9A`, `B5AR9B1`, `B5AR9B2`, `B5AR9B3`, `B5AR9B3Lain`, `B5AR10`, `B5AR11A`, `B5AR11B`, `B5AR11C`, `B5AR11D`, `B5AR11E`, `B5AR11F`, `B5AR11G`, `B5AR11H`, `B5AR11Lain`, `B5AR12`, `B5AR13A`, `B5AR13B`, `B5AR13C`, `B5AR13D`, `B5AR13E`, `B5AR13F`, `B5AR13Lain`) VALUES
('02022016010B02002', 22, 1, 0, NULL, '', NULL, NULL, '', 1, 2, 2, 2, 2, 2, 2, 2, 2, '', NULL, NULL, NULL, NULL, NULL, NULL, '', NULL, NULL, NULL, NULL, NULL, NULL, NULL, NULL, NULL, '', 2, NULL, NULL, NULL, NULL, NULL, NULL, ''),
('02022016010B02002', 22, 2, 0, NULL, '', NULL, NULL, '', 1, 2, 2, 2, 2, 2, 2, 2, 2, '', NULL, NULL, NULL, NULL, NULL, NULL, '', NULL, NULL, NULL, NULL, NULL, NULL, NULL, NULL, NULL, '', 2, NULL, NULL, NULL, NULL, NULL, NULL, ''),
('02020014010B03102', 32, 1, 0, NULL, '', NULL, NULL, '', 1, 2, 2, 2, 2, 2, 2, 2, 2, '', NULL, NULL, NULL, NULL, NULL, NULL, '', NULL, NULL, NULL, NULL, NULL, NULL, NULL, NULL, NULL, '', 2, NULL, NULL, NULL, NULL, NULL, NULL, ''),
('02020020121B01212', 22, 1, 0, NULL, '', NULL, NULL, '', 1, 2, 2, 2, 2, 1, 2, 1, 2, '', 2, NULL, 2, NULL, NULL, NULL, '', 2, NULL, NULL, NULL, NULL, NULL, NULL, NULL, NULL, '', 2, NULL, NULL, NULL, NULL, NULL, NULL, ''),
('02020020121B01212', 22, 2, 0, NULL, '', NULL, NULL, '', 1, 2, 2, 2, 2, 2, 2, 2, 2, '', NULL, NULL, NULL, NULL, NULL, NULL, '', NULL, NULL, NULL, NULL, NULL, NULL, NULL, NULL, NULL, '', 2, NULL, NULL, NULL, NULL, NULL, NULL, ''),
('02020003122B20002', 22, 1, 0, NULL, '', NULL, NULL, '', 1, 2, 2, 2, 2, 2, 2, 2, 2, '', NULL, NULL, NULL, NULL, NULL, NULL, '', NULL, NULL, NULL, NULL, NULL, NULL, NULL, NULL, NULL, '', 2, NULL, NULL, NULL, NULL, NULL, NULL, ''),
('02020003122B20002', 22, 2, 0, NULL, '', NULL, NULL, '', 1, 2, 2, 2, 2, 2, 2, 2, 2, '', NULL, NULL, NULL, NULL, NULL, NULL, '', NULL, NULL, NULL, NULL, NULL, NULL, NULL, NULL, NULL, '', 2, NULL, NULL, NULL, NULL, NULL, NULL, ''),
('02022006122B20002', 22, 1, 0, NULL, '', NULL, NULL, '', 1, 2, 2, 2, 2, 2, 2, 2, 2, '', NULL, NULL, NULL, NULL, NULL, NULL, '', NULL, NULL, NULL, NULL, NULL, NULL, NULL, NULL, NULL, '', 2, NULL, NULL, NULL, NULL, NULL, NULL, ''),
('02022006122B20002', 22, 2, 0, NULL, '', NULL, NULL, '', 1, 2, 2, 2, 2, 2, 2, 2, 2, '', NULL, NULL, NULL, NULL, NULL, NULL, '', NULL, NULL, NULL, NULL, NULL, NULL, NULL, NULL, NULL, '', 2, NULL, NULL, NULL, NULL, NULL, NULL, ''),
('02020005121B22213', 22, 1, 0, NULL, '', NULL, NULL, '', 2, 2, 2, 2, 2, 2, 2, 2, 2, '', NULL, NULL, NULL, NULL, NULL, NULL, '', NULL, NULL, NULL, NULL, NULL, NULL, NULL, NULL, NULL, '', 2, NULL, NULL, NULL, NULL, NULL, NULL, ''),
('02020005121B22213', 22, 2, 0, NULL, '', NULL, NULL, '', 1, 1, 2, 2, 2, 2, 2, 2, 2, '', 2, NULL, 2, NULL, NULL, NULL, '', 2, NULL, NULL, NULL, NULL, NULL, NULL, NULL, NULL, '', 2, NULL, NULL, NULL, NULL, NULL, NULL, ''),
('02010010111B02001', 22, 1, 0, NULL, '', NULL, NULL, '', 2, 1, 2, 2, 2, 2, 2, 2, 2, '', 2, NULL, 2, NULL, NULL, NULL, '', 2, NULL, NULL, NULL, NULL, NULL, NULL, NULL, NULL, '', 2, NULL, NULL, NULL, NULL, NULL, NULL, ''),
('02010010111B02001', 22, 2, 0, NULL, '', NULL, NULL, '', 2, 2, 2, 2, 2, 2, 2, 2, 2, '', NULL, NULL, NULL, NULL, NULL, NULL, '', NULL, NULL, NULL, NULL, NULL, NULL, NULL, NULL, NULL, '', 2, NULL, NULL, NULL, NULL, NULL, NULL, ''),
('02010010111B02001', 22, 3, 0, NULL, '', NULL, NULL, '', 2, 2, 2, 2, 2, 2, 2, 2, 2, '', NULL, NULL, NULL, NULL, NULL, NULL, '', NULL, NULL, NULL, NULL, NULL, NULL, NULL, NULL, NULL, '', 2, NULL, NULL, NULL, NULL, NULL, NULL, ''),
('02020016021B21002', 22, 1, 0, NULL, '', NULL, NULL, '', 2, 1, 1, 1, 1, 1, 1, 2, 1, 'AL', 2, NULL, 2, NULL, NULL, NULL, '', 2, NULL, NULL, NULL, NULL, NULL, NULL, NULL, NULL, '', 2, NULL, NULL, NULL, NULL, NULL, NULL, ''),
('02020016021B21002', 22, 2, 0, NULL, '', NULL, NULL, '', 2, 2, 2, 1, 2, 1, 2, 2, 2, '', 2, NULL, 2, NULL, NULL, NULL, '', 2, NULL, NULL, NULL, NULL, NULL, NULL, NULL, NULL, '', 2, NULL, NULL, NULL, NULL, NULL, NULL, ''),
('02020023213B01202', 22, 1, 0, NULL, '', NULL, NULL, '', 1, 2, 2, 2, 2, 2, 2, 2, 2, '', NULL, NULL, NULL, NULL, NULL, NULL, '', NULL, NULL, NULL, NULL, NULL, NULL, NULL, NULL, NULL, '', 2, NULL, NULL, NULL, NULL, NULL, NULL, ''),
('02021022222B02002', 22, 1, 0, NULL, '', NULL, NULL, '', 1, 2, 2, 2, 2, 2, 2, 2, 2, '', NULL, NULL, NULL, NULL, NULL, NULL, '', NULL, NULL, NULL, NULL, NULL, NULL, NULL, NULL, NULL, '', 2, NULL, NULL, NULL, NULL, NULL, NULL, ''),
('02020046020B20002', 22, 1, 0, NULL, '', NULL, NULL, '', 1, 2, 2, 2, 2, 2, 2, 2, 2, '', NULL, NULL, NULL, NULL, NULL, NULL, '', NULL, NULL, NULL, NULL, NULL, NULL, NULL, NULL, NULL, '', 2, NULL, NULL, NULL, NULL, NULL, NULL, ''),
('02021054021B10002', 22, 1, 0, NULL, '', NULL, NULL, '', 1, 1, 1, 2, 2, 2, 2, 2, 2, '', 2, NULL, 2, NULL, NULL, NULL, '', 2, NULL, NULL, NULL, NULL, NULL, NULL, NULL, NULL, '', 2, NULL, NULL, NULL, NULL, NULL, NULL, ''),
('02021010012B02101', 21, 1, 0, NULL, '', NULL, NULL, '', 1, 2, 2, 2, 2, 2, 2, 2, 2, '', NULL, NULL, NULL, NULL, NULL, NULL, '', NULL, NULL, NULL, NULL, NULL, NULL, NULL, NULL, NULL, '', 2, NULL, NULL, NULL, NULL, NULL, NULL, ''),
('02021023012B01201', 22, 1, 0, NULL, '', NULL, NULL, '', 1, 2, 2, 2, 2, 2, 2, 2, 2, '', NULL, NULL, NULL, NULL, NULL, NULL, '', NULL, NULL, NULL, NULL, NULL, NULL, NULL, NULL, NULL, '', 2, NULL, NULL, NULL, NULL, NULL, NULL, '');

-- --------------------------------------------------------

--
-- Table structure for table `blok5b`
--

CREATE TABLE IF NOT EXISTS `blok5b` (
  `NKS` varchar(255) DEFAULT NULL,
  `NO_URUT` int(11) DEFAULT NULL,
  `B5BR14A` varchar(255) DEFAULT NULL,
  `B5BR14B` varchar(255) DEFAULT NULL,
  `B5BR14C` varchar(255) DEFAULT NULL,
  `B5BR15A` int(11) DEFAULT NULL,
  `B5BR15B` int(11) DEFAULT NULL,
  `B5BR16` int(11) DEFAULT NULL,
  `B5BR16Lain` varchar(255) DEFAULT NULL,
  `B5BR17_1` int(11) DEFAULT NULL,
  `B5BR17_2` int(11) DEFAULT NULL,
  `B5BR17_3` int(11) DEFAULT NULL,
  `B5BR17_4` int(11) DEFAULT NULL,
  `B5BR17_5` int(11) DEFAULT NULL,
  `B5BR17_6` int(11) DEFAULT NULL,
  `B5BR17_6Lain` varchar(255) DEFAULT NULL,
  `B5BR18A` int(11) DEFAULT NULL,
  `B5BR18B1` int(11) DEFAULT NULL,
  `B5BR18B2` int(11) DEFAULT NULL,
  `B5BR18B3` int(11) DEFAULT NULL
) ENGINE=InnoDB DEFAULT CHARSET=utf8;

--
-- Dumping data for table `blok5b`
--


-- --------------------------------------------------------

--
-- Table structure for table `blok5c`
--

CREATE TABLE IF NOT EXISTS `blok5c` (
  `NKS` varchar(255) DEFAULT NULL,
  `NO_URUT` varchar(255) DEFAULT NULL,
  `B5CR19` int(11) DEFAULT NULL,
  `B5CR20` int(11) DEFAULT NULL,
  `B5CR21` int(11) DEFAULT NULL,
  `B5CR22A` int(11) DEFAULT NULL,
  `B5CR22B` int(11) DEFAULT NULL
) ENGINE=InnoDB DEFAULT CHARSET=utf8;

--
-- Dumping data for table `blok5c`
--

INSERT INTO `blok5c` (`NKS`, `NO_URUT`, `B5CR19`, `B5CR20`, `B5CR21`, `B5CR22A`, `B5CR22B`) VALUES
('02022016010B02002', '1', 2, 2, 2, 2, 2),
('02022016010B02002', '2', 2, 2, 2, 2, 2),
('02020014010B03102', '1', 2, 2, 2, 2, 2),
('02020020121B01212', '1', 2, 2, 2, 2, 2),
('02020020121B01212', '2', 2, 2, 2, 2, 2),
('02020003122B20002', '1', 2, 2, 2, 2, 2),
('02020003122B20002', '2', 2, 2, 2, 2, 2),
('02022006122B20002', '1', 2, 2, 2, 2, 2),
('02022006122B20002', '2', 2, 2, 2, 2, 2),
('02020005121B22213', '1', 2, 2, 2, 2, 2),
('02020005121B22213', '2', 2, 2, 2, 2, 2),
('02010010111B02001', '1', 2, 2, 2, 2, 2),
('02010010111B02001', '2', 2, 2, 2, 2, 2),
('02010010111B02001', '3', 2, 2, 2, 2, 2),
('02020016021B21002', '1', 2, 2, 1, 2, 2),
('02020016021B21002', '2', 2, 2, 2, 2, 2),
('02020023213B01202', '1', 2, 2, 2, 2, 2),
('02021022222B02002', '1', 2, 2, 2, 2, 2),
('02020046020B20002', '1', 2, 2, 2, 2, 2),
('02021054021B10002', '1', 2, 2, 2, 2, 2),
('02021010012B02101', '1', 2, 2, 2, 2, 2),
('02021023012B01201', '1', 2, 2, 2, 2, 2);

-- --------------------------------------------------------

--
-- Table structure for table `blok5de`
--

CREATE TABLE IF NOT EXISTS `blok5de` (
  `NKS` varchar(255) DEFAULT NULL,
  `NO_URUT` int(11) DEFAULT NULL,
  `B5DR23_1` int(11) DEFAULT NULL,
  `B5DR23_2` int(11) DEFAULT NULL,
  `B5DR23_3` int(11) DEFAULT NULL,
  `B5DR23_4` int(11) DEFAULT NULL,
  `B5DR23_5` int(11) DEFAULT NULL,
  `B5DR23Lain` varchar(255) DEFAULT NULL,
  `B5DR24` int(11) DEFAULT NULL,
  `B5DR25` int(11) DEFAULT NULL,
  `B5DR25Lengkap` varchar(255) DEFAULT NULL,
  `B5DR26a` int(11) DEFAULT NULL,
  `B5DR26b` int(11) DEFAULT NULL,
  `B5DR26c` int(11) DEFAULT NULL,
  `B5DR26d` int(11) DEFAULT NULL,
  `B5DR27A` int(11) DEFAULT NULL,
  `B5DR27B` int(11) DEFAULT NULL,
  `B5DR27BLain` varchar(255) DEFAULT NULL,
  `B5DR27C` int(11) DEFAULT NULL,
  `B5DR27D` int(11) DEFAULT NULL,
  `B5DR27E1` int(11) DEFAULT NULL,
  `B5DR27E2` int(11) DEFAULT NULL,
  `B5DR27E3` int(11) DEFAULT NULL,
  `B5DR27E4` int(11) DEFAULT NULL,
  `B5DR27E5` int(11) DEFAULT NULL,
  `B5DR27E5Lain` varchar(255) DEFAULT NULL,
  `B5DR28` int(11) DEFAULT NULL,
  `B5DR28Lain` varchar(255) DEFAULT NULL,
  `B5DR29A` int(11) DEFAULT NULL,
  `B5DR29B1` int(11) DEFAULT NULL,
  `B5DR29B2` int(11) DEFAULT NULL,
  `B5DR29B3` int(11) DEFAULT NULL,
  `B5DR29B4` int(11) DEFAULT NULL,
  `B5DR29BLain` varchar(255) DEFAULT NULL,
  `B5ER30A` int(11) DEFAULT NULL,
  `B5ER30B` int(11) DEFAULT NULL,
  `B5ER30C1` varchar(255) DEFAULT NULL,
  `B5ER30C2` varchar(255) DEFAULT NULL,
  `B5ER30C3` varchar(255) DEFAULT NULL
) ENGINE=InnoDB DEFAULT CHARSET=utf8;

--
-- Dumping data for table `blok5de`
--

INSERT INTO `blok5de` (`NKS`, `NO_URUT`, `B5DR23_1`, `B5DR23_2`, `B5DR23_3`, `B5DR23_4`, `B5DR23_5`, `B5DR23Lain`, `B5DR24`, `B5DR25`, `B5DR25Lengkap`, `B5DR26a`, `B5DR26b`, `B5DR26c`, `B5DR26d`, `B5DR27A`, `B5DR27B`, `B5DR27BLain`, `B5DR27C`, `B5DR27D`, `B5DR27E1`, `B5DR27E2`, `B5DR27E3`, `B5DR27E4`, `B5DR27E5`, `B5DR27E5Lain`, `B5DR28`, `B5DR28Lain`, `B5DR29A`, `B5DR29B1`, `B5DR29B2`, `B5DR29B3`, `B5DR29B4`, `B5DR29BLain`, `B5ER30A`, `B5ER30B`, `B5ER30C1`, `B5ER30C2`, `B5ER30C3`) VALUES
('02022016010B02002', 1, 1, 2, 2, 2, 2, '', 1, 1, 'FG', 4, NULL, NULL, NULL, 2, NULL, '', NULL, NULL, NULL, NULL, NULL, NULL, NULL, '', NULL, '', 2, NULL, NULL, NULL, NULL, '', 2, NULL, '', '', ''),
('02022016010B02002', 2, 2, 2, 2, 1, 2, '', 4, NULL, '', 4, NULL, NULL, NULL, 2, NULL, '', NULL, NULL, NULL, NULL, NULL, NULL, NULL, '', NULL, '', 2, NULL, NULL, NULL, NULL, '', 2, NULL, '', '', ''),
('02020014010B03102', 1, 1, 2, 2, 2, 2, '', 1, 1, 'DSD', 4, NULL, NULL, NULL, 2, NULL, '', NULL, NULL, NULL, NULL, NULL, NULL, NULL, '', NULL, '', 2, NULL, NULL, NULL, NULL, '', 2, NULL, '', '', ''),
('02020020121B01212', 1, 1, 2, 2, 2, 2, '', 1, 21, 'SA', 4, NULL, NULL, NULL, 2, NULL, '', NULL, NULL, NULL, NULL, NULL, NULL, NULL, '', NULL, '', 2, NULL, NULL, NULL, NULL, '', 2, NULL, '', '', ''),
('02020020121B01212', 2, 2, 2, 2, 1, 2, '', 4, NULL, '', 4, NULL, NULL, NULL, 2, NULL, '', NULL, NULL, NULL, NULL, NULL, NULL, NULL, '', NULL, '', 2, NULL, NULL, NULL, NULL, '', 2, NULL, '', '', ''),
('02020003122B20002', 1, 1, 2, 2, 2, 2, '', 1, 2, 'SAS', 4, NULL, NULL, NULL, 2, NULL, '', NULL, NULL, NULL, NULL, NULL, NULL, NULL, '', NULL, '', 2, NULL, NULL, NULL, NULL, '', 2, NULL, '', '', ''),
('02020003122B20002', 2, 2, 2, 2, 1, 2, '', 4, NULL, '', 2, NULL, NULL, 22, 2, NULL, '', NULL, NULL, NULL, NULL, NULL, NULL, NULL, '', NULL, '', 2, NULL, NULL, NULL, NULL, '', 2, NULL, '', '', ''),
('02022006122B20002', 1, 2, 2, 2, 2, 1, 'VXV', 5, NULL, '', 2, NULL, NULL, 20, 2, NULL, '', NULL, NULL, NULL, NULL, NULL, NULL, NULL, '', NULL, '', 2, NULL, NULL, NULL, NULL, '', 2, NULL, '', '', ''),
('02022006122B20002', 2, 2, 2, 2, 1, 2, '', 4, NULL, '', 4, NULL, NULL, NULL, 2, NULL, '', NULL, NULL, NULL, NULL, NULL, NULL, NULL, '', NULL, '', 2, NULL, NULL, NULL, NULL, '', 2, NULL, '', '', ''),
('02020005121B22213', 1, 1, 2, 2, 2, 2, '', 1, 2, 'DSFDS', 4, NULL, NULL, NULL, 2, NULL, '', NULL, NULL, NULL, NULL, NULL, NULL, NULL, '', NULL, '', 2, NULL, NULL, NULL, NULL, '', 2, NULL, '', '', ''),
('02020005121B22213', 2, 2, 2, 2, 1, 2, '', 4, NULL, '', 2, NULL, NULL, 22, 2, NULL, '', NULL, NULL, NULL, NULL, NULL, NULL, NULL, '', NULL, '', 2, NULL, NULL, NULL, NULL, '', 2, NULL, '', '', ''),
('02010010111B02001', 1, 1, 2, 2, 2, 2, '', 1, 2, 'HGH', 4, NULL, NULL, NULL, 2, NULL, '', NULL, NULL, NULL, NULL, NULL, NULL, NULL, '', NULL, '', 2, NULL, NULL, NULL, NULL, '', 2, NULL, '', '', ''),
('02010010111B02001', 2, 2, 2, 2, 1, 2, '', 4, NULL, '', 4, NULL, NULL, NULL, 2, NULL, '', NULL, NULL, NULL, NULL, NULL, NULL, NULL, '', NULL, '', 2, NULL, NULL, NULL, NULL, '', 2, NULL, '', '', ''),
('02010010111B02001', 3, 2, 2, 1, 2, 2, '', 3, NULL, '', 2, NULL, NULL, 22, 2, NULL, '', NULL, NULL, NULL, NULL, NULL, NULL, NULL, '', NULL, '', 2, NULL, NULL, NULL, NULL, '', 2, NULL, '', '', ''),
('02020016021B21002', 1, 2, 1, 2, 2, 2, '', 2, NULL, '', 4, NULL, NULL, NULL, 2, NULL, '', NULL, NULL, NULL, NULL, NULL, NULL, NULL, '', NULL, '', 2, NULL, NULL, NULL, NULL, '', 2, NULL, '', '', ''),
('02020016021B21002', 2, 2, 2, 2, 1, 2, '', 4, NULL, '', 4, NULL, NULL, NULL, 2, NULL, '', NULL, NULL, NULL, NULL, NULL, NULL, NULL, '', NULL, '', 2, NULL, NULL, NULL, NULL, '', 2, NULL, '', '', ''),
('02020023213B01202', 1, 1, 2, 2, 2, 2, '', 1, 2, 'SDSD', 4, NULL, NULL, NULL, 2, NULL, '', NULL, NULL, NULL, NULL, NULL, NULL, NULL, '', NULL, '', 2, NULL, NULL, NULL, NULL, '', 2, NULL, '', '', ''),
('02021022222B02002', 1, 2, 2, 1, 2, 2, '', 3, NULL, '', 4, NULL, NULL, NULL, 2, NULL, '', NULL, NULL, NULL, NULL, NULL, NULL, NULL, '', NULL, '', 2, NULL, NULL, NULL, NULL, '', 2, NULL, '', '', ''),
('02020046020B20002', 1, 1, 2, 2, 1, 2, '', 4, 2, 'LOK', 4, NULL, NULL, NULL, 2, NULL, '', NULL, NULL, NULL, NULL, NULL, NULL, NULL, '', NULL, '', 2, NULL, NULL, NULL, NULL, '', 2, NULL, '', '', ''),
('02021054021B10002', 1, 2, 1, 2, 2, 1, 'LKI', 2, NULL, '', 4, NULL, NULL, NULL, 2, NULL, '', NULL, NULL, NULL, NULL, NULL, NULL, NULL, '', NULL, '', 2, NULL, NULL, NULL, NULL, '', 2, NULL, '', '', ''),
('02021010012B02101', 1, 1, 2, 2, 2, 2, '', 1, 1, 'LIK', 4, NULL, NULL, NULL, 2, NULL, '', NULL, NULL, NULL, NULL, NULL, NULL, NULL, '', NULL, '', 2, NULL, NULL, NULL, NULL, '', 2, NULL, '', '', ''),
('02021023012B01201', 1, 2, 2, 1, 2, 2, '', 3, NULL, '', 4, NULL, NULL, NULL, 2, NULL, '', NULL, NULL, NULL, NULL, NULL, NULL, NULL, '', NULL, '', 2, NULL, NULL, NULL, NULL, '', 2, NULL, '', '', '');

-- --------------------------------------------------------

--
-- Table structure for table `blok6`
--

CREATE TABLE IF NOT EXISTS `blok6` (
  `NKS` varchar(255) DEFAULT NULL,
  `B6R1` int(11) DEFAULT NULL,
  `B6R1BTanah` varchar(255) DEFAULT NULL,
  `B6R2` int(11) DEFAULT NULL,
  `B6R3A` int(11) DEFAULT NULL,
  `B6R3B` int(11) DEFAULT NULL,
  `B6R4` int(11) DEFAULT NULL,
  `B6R5` int(11) DEFAULT NULL,
  `B6R5Lain` varchar(255) DEFAULT NULL,
  `B6R6` int(11) DEFAULT NULL,
  `B6R6Lain` varchar(255) DEFAULT NULL,
  `B6R7` int(11) DEFAULT NULL,
  `B6R8` int(11) DEFAULT NULL,
  `B6R9` int(11) DEFAULT NULL,
  `B6R10` int(11) DEFAULT NULL,
  `B6R11` int(11) DEFAULT NULL,
  `B6R12` int(11) DEFAULT NULL,
  `B6R12Lain` varchar(255) DEFAULT NULL,
  `B6R13` int(11) DEFAULT NULL,
  `B6R14A` int(11) DEFAULT NULL,
  `B6R14B` int(11) DEFAULT NULL,
  `B6R14C1` int(11) DEFAULT NULL,
  `B6R14C2` int(11) DEFAULT NULL,
  `B6R14C3` int(11) DEFAULT NULL
) ENGINE=InnoDB DEFAULT CHARSET=utf8;

--
-- Dumping data for table `blok6`
--

INSERT INTO `blok6` (`NKS`, `B6R1`, `B6R1BTanah`, `B6R2`, `B6R3A`, `B6R3B`, `B6R4`, `B6R5`, `B6R5Lain`, `B6R6`, `B6R6Lain`, `B6R7`, `B6R8`, `B6R9`, `B6R10`, `B6R11`, `B6R12`, `B6R12Lain`, `B6R13`, `B6R14A`, `B6R14B`, `B6R14C1`, `B6R14C2`, `B6R14C3`) VALUES
('02022016010B02002', 1, 'PAPAN', 36, 2, 2, 1, 2, '', 2, '', 2, 2, 2, 2, 2, 2, '', 2, 2, NULL, NULL, NULL, NULL),
('02020014010B03102', 1, 'DASD', 200, 22, 2, 2, 2, '', 2, '', 2, 2, 2, 2, 2, 2, '', 2, 2, NULL, NULL, NULL, NULL),
('02020020121B01212', 2, '', 200, 11, 2, 2, 2, '', 2, '', 2, 2, 2, 2, 2, 2, '', 2, 2, NULL, NULL, NULL, NULL),
('02020003122B20002', 1, 'KAYU', 100, 4, 4, 1, 2, '', 2, '', 2, 2, 2, 2, 2, 2, '', 2, 2, NULL, NULL, NULL, NULL),
('02022006122B20002', 2, '', 100, 2, 2, 1, 2, '', 2, '', 2, 2, 2, 2, 2, 2, '', 2, 2, NULL, NULL, NULL, NULL),
('02020005121B22213', 2, '', 200, 2, 2, 1, 2, '', 2, '', 2, 2, 2, 2, 2, 2, '', 2, 2, NULL, NULL, NULL, NULL),
('02010010111B02001', 2, '', 200, 4, 0, 2, 2, '', 2, '', 2, 2, 2, 2, 2, 2, '', 2, 2, NULL, NULL, NULL, NULL),
('02020016021B21002', 1, 'PAPAN', 200, 2, 2, 2, 2, '', 2, '', 2, 2, 2, 2, 2, 2, '', 2, 2, NULL, NULL, NULL, NULL),
('02020023213B01202', 2, '', 200, 2, 2, 2, 2, '', 2, '', 2, 2, 2, 2, 2, 2, '', 2, 2, NULL, NULL, NULL, NULL),
('02021022222B02002', 2, '', 20, 2, 2, 1, 2, '', 2, '', 2, 2, 2, 2, 2, 2, '', 2, 2, NULL, NULL, NULL, NULL),
('02020046020B20002', 2, '', 20, 2, 1, 2, 2, '', 2, '', 2, 2, 2, 2, 2, 2, '', 2, 2, NULL, NULL, NULL, NULL),
('02021054021B10002', 2, '', 200, 2, 0, 2, 2, '', 2, '', 2, 2, 2, 2, 2, 2, '', 2, 2, NULL, NULL, NULL, NULL),
('02021010012B02101', 2, '', 200, 4, 2, 1, 2, '', 2, '', 2, 2, 2, 2, 2, 2, '', 2, 2, NULL, NULL, NULL, NULL),
('02021023012B01201', 1, 'KEARAMIK', 100, 2, 2, 1, 2, '', 2, '', 2, 2, 2, 2, 2, 2, '', 2, 2, NULL, NULL, NULL, NULL);

-- --------------------------------------------------------

--
-- Table structure for table `blok7a`
--

CREATE TABLE IF NOT EXISTS `blok7a` (
  `NKS` varchar(255) DEFAULT NULL,
  `B7AR1A` varchar(255) DEFAULT NULL,
  `B7AR1B` int(11) DEFAULT NULL,
  `B7AR2` int(11) DEFAULT NULL,
  `B7AR3A` int(11) DEFAULT NULL,
  `B7AR3B` int(11) DEFAULT NULL,
  `B7AR4` int(11) DEFAULT NULL,
  `B7AR5A` int(11) DEFAULT NULL,
  `B7AR5B` int(11) DEFAULT NULL,
  `B7AR6` int(11) DEFAULT NULL,
  `B7AR7` int(11) DEFAULT NULL,
  `B7AR8` int(11) DEFAULT NULL,
  `B7AR9` int(11) DEFAULT NULL,
  `B7AR10` int(11) DEFAULT NULL,
  `B7AR11` int(11) DEFAULT NULL,
  `B7AR12A` int(11) DEFAULT NULL,
  `B7AR12B` int(11) DEFAULT NULL,
  `B7AR13A` int(11) DEFAULT NULL,
  `B7AR13B` int(11) DEFAULT NULL,
  `B7AR13C` int(11) DEFAULT NULL,
  `B7AR14A` int(11) DEFAULT NULL,
  `B7AR14B` int(11) DEFAULT NULL,
  `B7AR15` int(11) DEFAULT NULL
) ENGINE=InnoDB DEFAULT CHARSET=utf8;

--
-- Dumping data for table `blok7a`
--

INSERT INTO `blok7a` (`NKS`, `B7AR1A`, `B7AR1B`, `B7AR2`, `B7AR3A`, `B7AR3B`, `B7AR4`, `B7AR5A`, `B7AR5B`, `B7AR6`, `B7AR7`, `B7AR8`, `B7AR9`, `B7AR10`, `B7AR11`, `B7AR12A`, `B7AR12B`, `B7AR13A`, `B7AR13B`, `B7AR13C`, `B7AR14A`, `B7AR14B`, `B7AR15`) VALUES
('02022016010B02002', '20000', 0, 0, 0, 0, 0, 0, 0, 0, 0, 0, 0, 0, 0, 0, 0, 0, 0, 0, 0, 0, 20000),
('02020014010B03102', '10000', 0, 0, 0, 0, 0, 0, 0, 0, 0, 0, 0, 0, 0, 0, 0, 0, 0, 0, 0, 0, 10000),
('02020020121B01212', '20000', 0, 0, 0, 0, 0, 0, 0, 0, 0, 0, 0, 0, 0, 0, 0, 0, 0, 0, 0, 0, 20000),
('02020003122B20002', '50000', 0, 0, 0, 0, 0, 0, 0, 0, 0, 0, 0, 0, 0, 0, 0, 0, 0, 0, 0, 0, 50000),
('02022006122B20002', '50000', 0, 0, 0, 0, 0, 0, 0, 0, 0, 0, 0, 0, 0, 0, 0, 0, 0, 0, 0, 0, 50000),
('02020005121B22213', '0', 0, 0, 0, 0, 0, 0, 0, 0, 0, 0, 0, 0, 0, 0, 0, 0, 0, 0, 0, 0, 0),
('02010010111B02001', '0', 0, 0, 0, 0, 0, 0, 0, 0, 0, 0, 0, 0, 0, 0, 0, 0, 0, 0, 0, 0, 0),
('02020016021B21002', '20000', 2000, 0, 0, 0, 0, 0, 0, 0, 0, 0, 0, 0, 0, 0, 0, 0, 0, 0, 0, 0, 22000),
('02020023213B01202', '20000', 0, 0, 0, 0, 0, 0, 0, 0, 0, 0, 0, 0, 0, 0, 0, 0, 0, 0, 0, 0, 20000),
('02021022222B02002', '20000', 0, 0, 0, 0, 0, 0, 0, 0, 0, 0, 0, 0, 0, 0, 0, 0, 0, 0, 0, 0, 20000),
('02020046020B20002', '20000', 2000, 0, 0, 0, 0, 0, 0, 0, 0, 0, 0, 0, 0, 0, 0, 0, 0, 0, 0, 0, 22000),
('02021054021B10002', '20000', 0, 0, 0, 0, 0, 0, 0, 0, 0, 0, 0, 0, 0, 0, 0, 0, 0, 0, 0, 0, 20000),
('02021010012B02101', '22000', 0, 0, 0, 0, 0, 0, 0, 0, 0, 0, 0, 0, 0, 0, 0, 0, 0, 0, 0, 0, 22000),
('02021023012B01201', '20000', 0, 0, 0, 0, 0, 0, 0, 0, 0, 0, 0, 0, 0, 0, 0, 0, 0, 0, 0, 0, 20000);

-- --------------------------------------------------------

--
-- Table structure for table `blok7b`
--

CREATE TABLE IF NOT EXISTS `blok7b` (
  `NKS` varchar(255) DEFAULT NULL,
  `B7BR16A2` int(11) DEFAULT NULL,
  `B7BR16A3` int(11) DEFAULT NULL,
  `B7BR16B2` int(11) DEFAULT NULL,
  `B7BR16B3` int(11) DEFAULT NULL,
  `B7BR16C2` int(11) DEFAULT NULL,
  `B7BR16C3` int(11) DEFAULT NULL,
  `B7BR16D2` int(11) DEFAULT NULL,
  `B7BR16D3` int(11) DEFAULT NULL,
  `B7BR17A2` int(11) DEFAULT NULL,
  `B7BR17A3` int(11) DEFAULT NULL,
  `B7BR17B2` int(11) DEFAULT NULL,
  `B7BR17B3` int(11) DEFAULT NULL,
  `B7BR17C2` int(11) DEFAULT NULL,
  `B7BR17C3` int(11) DEFAULT NULL,
  `B7BR17D2` int(11) DEFAULT NULL,
  `B7BR17D3` int(11) DEFAULT NULL,
  `B7BR17E2` int(11) DEFAULT NULL,
  `B7BR17E3` int(11) DEFAULT NULL,
  `B7BR18_2` int(11) DEFAULT NULL,
  `B7BR18_3` int(11) DEFAULT NULL,
  `B7BR19_2` int(11) DEFAULT NULL,
  `B7BR19_3` int(11) DEFAULT NULL,
  `B7BR20A2` int(11) DEFAULT NULL,
  `B7BR20A3` int(11) DEFAULT NULL,
  `B7BR20B2` int(11) DEFAULT NULL,
  `B7BR20B3` int(11) DEFAULT NULL,
  `B7BR20C2` int(11) DEFAULT NULL,
  `B7BR20C3` int(11) DEFAULT NULL,
  `B7BR20D2` int(11) DEFAULT NULL,
  `B7BR20D3` int(11) DEFAULT NULL,
  `B7BR21_2` int(11) DEFAULT NULL,
  `B7BR21_3` int(11) DEFAULT NULL,
  `B7BR22_2` int(11) DEFAULT NULL,
  `B7BR22_3` int(11) DEFAULT NULL,
  `B7BR23` double DEFAULT NULL,
  `B7BR24` double DEFAULT NULL,
  `B7BR25` double DEFAULT NULL
) ENGINE=InnoDB DEFAULT CHARSET=utf8;

--
-- Dumping data for table `blok7b`
--

INSERT INTO `blok7b` (`NKS`, `B7BR16A2`, `B7BR16A3`, `B7BR16B2`, `B7BR16B3`, `B7BR16C2`, `B7BR16C3`, `B7BR16D2`, `B7BR16D3`, `B7BR17A2`, `B7BR17A3`, `B7BR17B2`, `B7BR17B3`, `B7BR17C2`, `B7BR17C3`, `B7BR17D2`, `B7BR17D3`, `B7BR17E2`, `B7BR17E3`, `B7BR18_2`, `B7BR18_3`, `B7BR19_2`, `B7BR19_3`, `B7BR20A2`, `B7BR20A3`, `B7BR20B2`, `B7BR20B3`, `B7BR20C2`, `B7BR20C3`, `B7BR20D2`, `B7BR20D3`, `B7BR21_2`, `B7BR21_3`, `B7BR22_2`, `B7BR22_3`, `B7BR23`, `B7BR24`, `B7BR25`) VALUES
('02022016010B02002', 0, 0, 0, 0, 0, 0, 0, 0, 0, 0, 0, 0, 0, 0, 0, 0, 0, 0, 0, 0, 0, 0, 0, 0, 0, 0, 0, 0, 0, 0, 0, 0, 0, 0, 85714.29, 0, 85714.29),
('02020014010B03102', 0, 0, 0, 0, 0, 0, 0, 0, 0, 0, 0, 0, 0, 0, 0, 0, 0, 0, 0, 0, 0, 0, 0, 0, 0, 0, 0, 0, 0, 0, 0, 0, 0, 0, 42857.14, 0, 42857.14),
('02020020121B01212', 0, 0, 0, 0, 0, 0, 0, 0, 0, 0, 0, 0, 0, 0, 0, 0, 0, 0, 0, 0, 0, 0, 0, 0, 0, 0, 0, 0, 0, 0, 0, 0, 0, 0, 85714.29, 0, 85714.29),
('02020003122B20002', 0, 0, 0, 0, 0, 0, 0, 0, 0, 0, 0, 0, 0, 0, 0, 0, 0, 0, 0, 0, 0, 0, 0, 0, 0, 0, 0, 0, 0, 0, 0, 0, 0, 0, 214285.71, 0, 214285.71),
('02022006122B20002', 0, 0, 0, 0, 0, 0, 0, 0, 0, 0, 0, 0, 0, 0, 0, 0, 0, 0, 0, 0, 0, 0, 0, 0, 0, 0, 0, 0, 0, 0, 0, 0, 0, 0, 214285.71, 0, 214285.71),
('02020005121B22213', 0, 0, 0, 0, 0, 0, 0, 0, 0, 0, 0, 0, 0, 0, 0, 0, 0, 0, 0, 0, 0, 0, 0, 0, 0, 0, 0, 0, 0, 0, 0, 0, 0, 0, 0, 0, 0),
('02010010111B02001', 0, 0, 0, 0, 0, 0, 0, 0, 0, 0, 0, 0, 0, 0, 0, 0, 0, 0, 0, 0, 0, 0, 0, 0, 0, 0, 0, 0, 0, 0, 0, 0, 0, 0, 0, 0, 0),
('02020016021B21002', 0, 0, 0, 0, 0, 0, 0, 0, 0, 0, 0, 0, 0, 0, 0, 0, 0, 0, 0, 0, 0, 0, 0, 0, 0, 0, 0, 0, 0, 0, 0, 0, 0, 0, 94285.71, 0, 94285.71),
('02020023213B01202', 0, 0, 0, 0, 0, 0, 0, 0, 0, 0, 0, 0, 0, 0, 0, 0, 0, 0, 0, 0, 0, 0, 0, 0, 0, 0, 0, 0, 0, 0, 0, 0, 0, 0, 85714.29, 0, 85714.29),
('02021022222B02002', 0, 0, 0, 0, 0, 0, 0, 0, 0, 0, 0, 0, 0, 0, 0, 0, 0, 0, 0, 0, 0, 0, 0, 0, 0, 0, 0, 0, 0, 0, 0, 0, 0, 0, 85714.29, 0, 85714.29),
('02020046020B20002', 0, 0, 0, 0, 0, 0, 0, 0, 0, 0, 0, 0, 0, 0, 0, 0, 0, 0, 0, 0, 0, 0, 0, 0, 0, 0, 0, 0, 0, 0, 0, 0, 0, 0, 94285.71, 0, 94285.71),
('02021054021B10002', 0, 0, 0, 0, 0, 0, 0, 0, 0, 0, 0, 0, 0, 0, 0, 0, 0, 0, 0, 0, 0, 0, 0, 0, 0, 0, 0, 0, 0, 0, 0, 0, 0, 0, 85714.29, 0, 85714.29),
('02021010012B02101', 0, 0, 0, 0, 0, 0, 0, 0, 0, 0, 0, 0, 0, 0, 0, 0, 0, 0, 0, 0, 0, 0, 0, 0, 0, 0, 0, 0, 0, 0, 0, 0, 0, 0, 94285.71, 0, 94285.71),
('02021023012B01201', 0, 0, 0, 0, 0, 0, 0, 0, 0, 0, 0, 0, 0, 0, 0, 0, 0, 0, 0, 0, 0, 0, 0, 0, 0, 0, 0, 0, 0, 0, 0, 0, 0, 0, 85714.29, 0, 85714.29);

-- --------------------------------------------------------

--
-- Table structure for table `blok8a1`
--

CREATE TABLE IF NOT EXISTS `blok8a1` (
  `NKS` varchar(255) DEFAULT NULL,
  `NO_URUT` int(11) DEFAULT NULL,
  `B8AK2` int(11) DEFAULT NULL
) ENGINE=InnoDB DEFAULT CHARSET=utf8;

--
-- Dumping data for table `blok8a1`
--

INSERT INTO `blok8a1` (`NKS`, `NO_URUT`, `B8AK2`) VALUES
('02022016010B02002', 1, 0),
('02022016010B02002', 2, 0),
('02020014010B03102', 1, 16),
('02020020121B01212', 1, 0),
('02020020121B01212', 2, 0),
('02020003122B20002', 1, 22),
('02020003122B20002', 2, 22),
('02022006122B20002', 1, 0),
('02022006122B20002', 2, 0),
('02020005121B22213', 1, 0),
('02020005121B22213', 2, 0),
('02010010111B02001', 1, 0),
('02010010111B02001', 2, 0),
('02010010111B02001', 3, 0),
('02020016021B21002', 1, 0),
('02020016021B21002', 2, 0),
('02020023213B01202', 1, 0),
('02021022222B02002', 1, 0),
('02020046020B20002', 1, 0),
('02021054021B10002', 1, 0),
('02021010012B02101', 1, 0),
('02021023012B01201', 1, 0);

-- --------------------------------------------------------

--
-- Table structure for table `blok8a2`
--

CREATE TABLE IF NOT EXISTS `blok8a2` (
  `NKS` varchar(255) DEFAULT NULL,
  `B8AK3` int(11) DEFAULT NULL,
  `B8AK3Lain` varchar(255) DEFAULT NULL,
  `B8AK4` int(11) DEFAULT NULL,
  `B8AK12` int(11) DEFAULT NULL
) ENGINE=InnoDB DEFAULT CHARSET=utf8;

--
-- Dumping data for table `blok8a2`
--

INSERT INTO `blok8a2` (`NKS`, `B8AK3`, `B8AK3Lain`, `B8AK4`, `B8AK12`) VALUES
('02022016010B02002', 2, '', NULL, 1),
('02020014010B03102', 1, 'CAMAT', 1, 1),
('02020020121B01212', 2, '', NULL, 2),
('02020003122B20002', 2, '', NULL, 2),
('02022006122B20002', 2, '', NULL, 1),
('02020005121B22213', 2, '', NULL, 2),
('02010010111B02001', 2, '', NULL, 1),
('02020016021B21002', 2, '', NULL, 2),
('02020023213B01202', 2, '', NULL, 1),
('02021022222B02002', 2, '', NULL, 1),
('02020046020B20002', 2, '', NULL, 2),
('02021054021B10002', 2, '', NULL, 1),
('02021010012B02101', 2, '', NULL, 1),
('02021023012B01201', 1, 'UMU', 1, 1);

-- --------------------------------------------------------

--
-- Table structure for table `blok8a3`
--

CREATE TABLE IF NOT EXISTS `blok8a3` (
  `NKS` varchar(255) DEFAULT NULL,
  `NO_URUT` int(11) DEFAULT NULL,
  `B8AK5` int(11) DEFAULT NULL,
  `B8AK5ALS` varchar(255) DEFAULT NULL,
  `B8AK6` int(11) DEFAULT NULL,
  `B8AK7` int(11) DEFAULT NULL,
  `B8AK8` int(11) DEFAULT NULL,
  `B8AK9` int(11) DEFAULT NULL,
  `B8AK10` int(11) DEFAULT NULL,
  `B8AK11` int(11) DEFAULT NULL
) ENGINE=InnoDB DEFAULT CHARSET=utf8;

--
-- Dumping data for table `blok8a3`
--

INSERT INTO `blok8a3` (`NKS`, `NO_URUT`, `B8AK5`, `B8AK5ALS`, `B8AK6`, `B8AK7`, `B8AK8`, `B8AK9`, `B8AK10`, `B8AK11`) VALUES
('02022016010B02002', 1, NULL, '', NULL, NULL, NULL, NULL, NULL, NULL),
('02022016010B02002', 2, NULL, '', NULL, NULL, NULL, NULL, NULL, NULL),
('02020014010B03102', 1, NULL, '', NULL, NULL, NULL, NULL, NULL, NULL),
('02020020121B01212', 1, NULL, '', NULL, NULL, NULL, NULL, NULL, NULL),
('02020020121B01212', 2, NULL, '', NULL, NULL, NULL, NULL, NULL, NULL),
('02020003122B20002', 1, NULL, '', NULL, NULL, NULL, NULL, NULL, NULL),
('02020003122B20002', 2, NULL, '', NULL, NULL, NULL, NULL, NULL, NULL),
('02022006122B20002', 1, NULL, '', NULL, NULL, NULL, NULL, NULL, NULL),
('02022006122B20002', 2, NULL, '', NULL, NULL, NULL, NULL, NULL, NULL),
('02020005121B22213', 1, NULL, '', NULL, NULL, NULL, NULL, NULL, NULL),
('02020005121B22213', 2, NULL, '', NULL, NULL, NULL, NULL, NULL, NULL),
('02010010111B02001', 1, NULL, '', NULL, NULL, NULL, NULL, NULL, NULL),
('02010010111B02001', 2, NULL, '', NULL, NULL, NULL, NULL, NULL, NULL),
('02010010111B02001', 3, NULL, '', NULL, NULL, NULL, NULL, NULL, NULL),
('02020016021B21002', 1, NULL, '', NULL, NULL, NULL, NULL, NULL, NULL),
('02020016021B21002', 2, NULL, '', NULL, NULL, NULL, NULL, NULL, NULL),
('02020023213B01202', 1, NULL, '', NULL, NULL, NULL, NULL, NULL, NULL),
('02021022222B02002', 1, NULL, '', NULL, NULL, NULL, NULL, NULL, NULL),
('02020046020B20002', 1, NULL, '', NULL, NULL, NULL, NULL, NULL, NULL),
('02021054021B10002', 1, NULL, '', NULL, NULL, NULL, NULL, NULL, NULL),
('02021010012B02101', 1, NULL, '', NULL, NULL, NULL, NULL, NULL, NULL),
('02021023012B01201', 1, 2, 'G TAU', NULL, NULL, NULL, NULL, NULL, NULL);

-- --------------------------------------------------------

--
-- Table structure for table `blok8a4`
--

CREATE TABLE IF NOT EXISTS `blok8a4` (
  `NKS` varchar(255) DEFAULT NULL,
  `NO_URUT` int(11) DEFAULT NULL,
  `B8AK13` int(11) DEFAULT NULL,
  `B8AK13ALS` varchar(255) DEFAULT NULL
) ENGINE=InnoDB DEFAULT CHARSET=utf8;

--
-- Dumping data for table `blok8a4`
--

INSERT INTO `blok8a4` (`NKS`, `NO_URUT`, `B8AK13`, `B8AK13ALS`) VALUES
('02022016010B02002', 1, NULL, ''),
('02022016010B02002', 2, NULL, ''),
('02020014010B03102', 1, NULL, ''),
('02020020121B01212', 1, NULL, ''),
('02020020121B01212', 2, NULL, ''),
('02020003122B20002', 1, NULL, ''),
('02020003122B20002', 2, NULL, ''),
('02022006122B20002', 1, NULL, ''),
('02022006122B20002', 2, NULL, ''),
('02020005121B22213', 1, NULL, ''),
('02020005121B22213', 2, NULL, ''),
('02010010111B02001', 1, NULL, ''),
('02010010111B02001', 2, NULL, ''),
('02010010111B02001', 3, NULL, ''),
('02020016021B21002', 1, NULL, ''),
('02020016021B21002', 2, NULL, ''),
('02020023213B01202', 1, NULL, ''),
('02021022222B02002', 1, NULL, ''),
('02020046020B20002', 1, NULL, ''),
('02021054021B10002', 1, NULL, ''),
('02021010012B02101', 1, NULL, ''),
('02021023012B01201', 1, NULL, '');

-- --------------------------------------------------------

--
-- Table structure for table `blok8b`
--

CREATE TABLE IF NOT EXISTS `blok8b` (
  `NKS` varchar(255) DEFAULT NULL,
  `NO_URUT` int(11) DEFAULT NULL,
  `B8BR1` int(11) DEFAULT NULL,
  `B8BR2` int(11) DEFAULT NULL,
  `B8BR3` int(11) DEFAULT NULL,
  `B8BR4` int(11) DEFAULT NULL,
  `B8BR5` int(11) DEFAULT NULL,
  `B8BR6` int(11) DEFAULT NULL,
  `B8BR7` int(11) DEFAULT NULL,
  `B8BR8` int(11) DEFAULT NULL,
  `B8BR9` int(11) DEFAULT NULL,
  `B8BR10` int(11) DEFAULT NULL,
  `B8BR11` int(11) DEFAULT NULL,
  `B8BR12` int(11) DEFAULT NULL,
  `B8BR13` int(11) DEFAULT NULL,
  `B8BR14` int(11) DEFAULT NULL,
  `B8BR15` int(11) DEFAULT NULL,
  `B8BR16` int(11) DEFAULT NULL
) ENGINE=InnoDB DEFAULT CHARSET=utf8;

--
-- Dumping data for table `blok8b`
--

INSERT INTO `blok8b` (`NKS`, `NO_URUT`, `B8BR1`, `B8BR2`, `B8BR3`, `B8BR4`, `B8BR5`, `B8BR6`, `B8BR7`, `B8BR8`, `B8BR9`, `B8BR10`, `B8BR11`, `B8BR12`, `B8BR13`, `B8BR14`, `B8BR15`, `B8BR16`) VALUES
('02022016010B02002', 2, 0, 0, 0, 0, 1, 0, 1, 0, 1, 0, 1, 0, 1, 1, 0, 1),
('02022016010B02002', 1, 1, 1, 1, 1, 1, 1, 1, 1, 1, 1, 1, 1, 1, 1, 0, 1),
('02020014010B03102', 1, 1, 1, 1, 1, 1, 1, 0, 1, 1, 1, 1, 1, 1, 1, 1, 1),
('02020020121B01212', 1, 1, 1, 1, 1, 1, 1, 1, 1, 1, 1, 1, 1, 1, 1, 1, 1),
('02020020121B01212', 2, 1, 1, 1, 1, 1, 1, 1, 1, 1, 1, 1, 1, 1, 1, 1, 1),
('02020003122B20002', 1, 1, 1, 1, 1, 1, 1, 1, 1, 1, 1, 1, 1, 1, 1, 1, 1),
('02022006122B20002', 2, 1, 1, 1, 1, 1, 1, 1, 1, 1, 1, 1, 1, 1, 1, 1, 1),
('02020005121B22213', 1, 1, 1, 1, 1, 1, 1, 1, 1, 1, 1, 1, 1, 1, 1, 1, 1),
('02010010111B02001', 1, 1, 1, 1, 1, 1, 1, 1, 1, 1, 1, 1, 1, 1, 1, 1, 1),
('02010010111B02001', 2, 0, 1, 1, 1, 0, 1, 1, 1, 1, 1, 1, 1, 1, 1, 1, 1),
('02020016021B21002', 2, 1, 1, 1, 1, 1, 1, 0, 1, 1, 1, 1, 1, 1, 1, 1, 1),
('02020016021B21002', 1, 1, 1, 0, 1, 1, 1, 1, 0, 0, 1, 1, 1, 1, 1, 1, 1),
('02020023213B01202', 1, 0, 0, 0, 0, 0, 0, 1, 1, 1, 1, 1, 1, 1, 1, 1, 1),
('02021022222B02002', 1, 1, 1, 1, 1, 1, 1, 1, 1, 1, 1, 1, 1, 1, 1, 1, 1),
('02020046020B20002', 1, 1, 0, 1, 1, 1, 1, 0, 0, 1, 1, 1, 1, 1, 1, 1, 1),
('02021054021B10002', 1, 1, 1, 1, 1, 1, 1, 1, 1, 1, 1, 1, 1, 1, 1, 1, 1),
('02021010012B02101', 1, 1, 1, 1, 1, 1, 1, 1, 1, 1, 1, 1, 1, 1, 1, 1, 1),
('02021023012B01201', 1, 1, 1, 1, 1, 1, 1, 1, 1, 1, 1, 1, 1, 1, 1, 1, 1);

-- --------------------------------------------------------

--
-- Table structure for table `blok8c`
--

CREATE TABLE IF NOT EXISTS `blok8c` (
  `NKS` varchar(255) DEFAULT NULL,
  `NO_URUT` int(11) DEFAULT NULL,
  `NO_URUTBAYI` varchar(255) DEFAULT NULL,
  `B8CR1` int(11) DEFAULT NULL,
  `B8CR2` int(11) DEFAULT NULL,
  `B8CR3` int(11) DEFAULT NULL,
  `B8CR4` int(11) DEFAULT NULL,
  `B8CR5` int(11) DEFAULT NULL,
  `B8CR6` int(11) DEFAULT NULL,
  `B8CR7` int(11) DEFAULT NULL,
  `B8CR8` int(11) DEFAULT NULL,
  `B8CR9` int(11) DEFAULT NULL,
  `B8CR10` int(11) DEFAULT NULL,
  `B8CR11` int(11) DEFAULT NULL,
  `B8CR12` int(11) DEFAULT NULL,
  `B8CR13` int(11) DEFAULT NULL,
  `B8CR14` int(11) DEFAULT NULL,
  `B8CR15` int(11) DEFAULT NULL,
  `B8CR16` int(11) DEFAULT NULL,
  `B8CR17` int(11) DEFAULT NULL,
  `B8CR18` int(11) DEFAULT NULL
) ENGINE=InnoDB DEFAULT CHARSET=utf8;

--
-- Dumping data for table `blok8c`
--


-- --------------------------------------------------------

--
-- Table structure for table `desa`
--

CREATE TABLE IF NOT EXISTS `desa` (
  `B1R4` varchar(3) NOT NULL DEFAULT '' COMMENT 'Kode Desa/Kel',
  `B1R3` varchar(3) DEFAULT NULL COMMENT 'Kode Kecamatan',
  `NAMADESA` varchar(255) DEFAULT NULL,
  PRIMARY KEY (`B1R4`),
  KEY `B1R3` (`B1R3`)
) ENGINE=InnoDB DEFAULT CHARSET=utf8;

--
-- Dumping data for table `desa`
--

INSERT INTO `desa` (`B1R4`, `B1R3`, `NAMADESA`) VALUES
('002', '130', 'KEMUNING'),
('006', '131', 'DARAT'),
('017', '131', 'PANGKALAN LAMPAM');

-- --------------------------------------------------------

--
-- Table structure for table `ibuwali`
--

CREATE TABLE IF NOT EXISTS `ibuwali` (
  `NO_URUT` varchar(255) DEFAULT NULL,
  `IBUWALI` varchar(255) DEFAULT NULL
) ENGINE=InnoDB DEFAULT CHARSET=utf8;

--
-- Dumping data for table `ibuwali`
--


-- --------------------------------------------------------

--
-- Table structure for table `kabupaten`
--

CREATE TABLE IF NOT EXISTS `kabupaten` (
  `B1R1` varchar(2) NOT NULL DEFAULT '' COMMENT 'Kode Kabupaten',
  `NAMAKAB` varchar(255) DEFAULT NULL,
  `STRATA` char(1) NOT NULL,
  PRIMARY KEY (`B1R1`)
) ENGINE=InnoDB DEFAULT CHARSET=utf8;

--
-- Dumping data for table `kabupaten`
--

INSERT INTO `kabupaten` (`B1R1`, `NAMAKAB`, `STRATA`) VALUES
('02', 'OKI', '1'),
('08', 'PALEMBANG', '3');

-- --------------------------------------------------------

--
-- Table structure for table `kecamatan`
--

CREATE TABLE IF NOT EXISTS `kecamatan` (
  `B1R3` varchar(3) NOT NULL DEFAULT '' COMMENT 'Kode Kecamatan',
  `B1R1` varchar(2) DEFAULT NULL COMMENT 'Kode Kabupaten',
  `NAMAKECA` varchar(255) DEFAULT NULL,
  PRIMARY KEY (`B1R3`),
  KEY `B1R1` (`B1R1`)
) ENGINE=InnoDB DEFAULT CHARSET=utf8;

--
-- Dumping data for table `kecamatan`
--

INSERT INTO `kecamatan` (`B1R3`, `B1R1`, `NAMAKECA`) VALUES
('130', '08', 'LEMBANG'),
('131', '02', 'PANGKALAN LAMPAM');

-- --------------------------------------------------------

--
-- Table structure for table `kortim`
--

CREATE TABLE IF NOT EXISTS `kortim` (
  `NIMKORTIM` varchar(255) NOT NULL DEFAULT '',
  `NIMPENCACAH` varchar(255) DEFAULT NULL,
  PRIMARY KEY (`NIMKORTIM`)
) ENGINE=InnoDB DEFAULT CHARSET=utf8;

--
-- Dumping data for table `kortim`
--


-- --------------------------------------------------------

--
-- Table structure for table `pengentry`
--

CREATE TABLE IF NOT EXISTS `pengentry` (
  `nimPengentry` char(7) CHARACTER SET utf8 NOT NULL,
  `namaPengentry` varchar(60) NOT NULL,
  PRIMARY KEY (`nimPengentry`)
) ENGINE=InnoDB DEFAULT CHARSET=latin1;

--
-- Dumping data for table `pengentry`
--

INSERT INTO `pengentry` (`nimPengentry`, `namaPengentry`) VALUES
('07.5423', 'Mutaqin'),
('07.5505', 'Umi');

--
-- Constraints for dumped tables
--

--
-- Constraints for table `blok1`
--
ALTER TABLE `blok1`
  ADD CONSTRAINT `blok1_ibfk_1` FOREIGN KEY (`Pengentri`) REFERENCES `pengentry` (`nimPengentry`) ON DELETE NO ACTION ON UPDATE CASCADE;

--
-- Constraints for table `desa`
--
ALTER TABLE `desa`
  ADD CONSTRAINT `desa_ibfk_2` FOREIGN KEY (`B1R3`) REFERENCES `kecamatan` (`B1R3`) ON DELETE CASCADE ON UPDATE CASCADE;

--
-- Constraints for table `kecamatan`
--
ALTER TABLE `kecamatan`
  ADD CONSTRAINT `kecamatan_ibfk_2` FOREIGN KEY (`B1R1`) REFERENCES `kabupaten` (`B1R1`) ON DELETE CASCADE ON UPDATE CASCADE;

/*!40101 SET CHARACTER_SET_CLIENT=@OLD_CHARACTER_SET_CLIENT */;
/*!40101 SET CHARACTER_SET_RESULTS=@OLD_CHARACTER_SET_RESULTS */;
/*!40101 SET COLLATION_CONNECTION=@OLD_COLLATION_CONNECTION */;
