-- Insert Data Blok 1-- 

INSERT INTO `blok1` (`B1R1`, `B1R2`, `B1R3`, `B1R4`, `B1R5`, `B1R6`, `B1R7`, `B1R8`, `B1R9`, `NKS`, `Pengentri`) VALUES 
('03','2','050','005','020B','005','05','RADIT','JL. KOL','03050005020B00505','null'),
('10','2','212','121','212B','212','11',',MN',';M;','10212121212B21211','null'),
('11','1','111','111','111B','111','11','SUMARGA ADI','ALKASARI','11111111111B11111','null'),
('12','2','122','212','121B','212','14','SDFGSD','FSDF','12122212121B21214','null'),
('12','1','212','121','121B','212','12','ALANSYAH','CINERE','12212121121B21212','null'),
('12','1','212','121','212B','212','12','DASDAJKDHAA','SDJKASHKDASJ','12212121212B21212','null'),
('12','1','212','212','121B','212','12','MUTAQIN','KURUAN','12212212121B21212','null'),
('12','1','212','212','212B','212','12','SJDK','DKJALDKJ','12212212212B21212','null'),
('21','2','121','212','121B','121','11','SUGIARTO ADNAN','HARDIATMOJO','21121212121B12111','null'),
('61','1','121','212','121B','212','12','OPICK UR','NTB','61121212121B21212','null');
-- Jumlah record = 10-- 

-- Insert Data Blok 2-- 

INSERT INTO `blok2` (`NKS`, `B2R1`, `B2R2`, `B2R3`, `B2R4`, `B2R5`, `B2R6`) VALUES 
('03050005020B00505',4,1,0,1,2,0),
('10212121212B21211',1,0,0,0,0,1),
('11111111111B11111',3,1,0,0,2,0),
('12122212121B21214',1,0,0,0,1,0),
('12212121121B21212',2,1,0,0,1,0),
('12212121212B21212',4,1,0,0,3,0),
('12212212121B21212',3,1,0,0,2,0),
('12212212212B21212',3,1,0,0,2,0),
('21121212121B12111',1,0,0,0,1,0),
('61121212121B21212',2,1,0,0,1,0);
-- Jumlah record = 10-- 

-- Insert Data Blok 3-- 

INSERT INTO `blok3` (`NKS`, `B3R2`, `B3R3`, `B3R6`, `B3R7`) VALUES 
('03050005020B00505','07.5362','23/02/2010','07.5349','23/02/2010'),
('10212121212B21211','07.5364','11/11/2010','07.5362','11/11/2010'),
('11111111111B11111','07.5421','11/11/2010','07.5532','11/11/2010'),
('12122212121B21214','07.5521','11/11/2010','07.5312','11/11/2010'),
('12212121121B21212','07.5423','02/02/2010','07.5423','02/02/2010'),
('12212121212B21212','07.5423','10/10/2010','07.5423','12/12/2010'),
('12212212121B21212','07.5423','02/02/2010','07.5423','02/02/2010'),
('12212212212B21212','07.5423','02/02/2010','07.5422','02/02/2010'),
('21121212121B12111','07.5364','11/10/2010','07.5532','11/11/2010'),
('61121212121B21212','07.5364','11/10/2010','07.5362','12/12/2010');
-- Jumlah record = 10-- 

-- Insert Data Blok 4-- 

INSERT INTO `blok4` (`NKS`, `NO_URUT`, `B4K2`, `B4K3`, `B4K4`, `B4K5`, `B4K6`, `B4K7`, `B4K8`, `B4K9`) VALUES 
('03050005020B00505',1,'RADIT',1,1,35,3,4,8,6),
('03050005020B00505',2,'EMA',2,2,30,3,3,2,3),
('03050005020B00505',3,'ILHAM',3,1,5,1,null,null,null),
('03050005020B00505',4,'MIRA',3,2,0,null,null,null,null),
('10212121212B21211',1,',MN',1,2,68,2,2,2,2),
('11111111111B11111',1,'SUMARGA ADI',1,1,22,1,null,null,null),
('11111111111B11111',2,'ASDA',2,2,22,2,1,1,1),
('11111111111B11111',3,'ASDA',3,2,0,null,null,null,null),
('12122212121B21214',1,'SDFGSD',1,2,21,2,2,1,2),
('12212121121B21212',1,'ALANSYAH',1,1,22,2,2,2,2),
('12212121121B21212',2,'ANAK',3,2,0,null,null,null,null),
('12212121212B21212',1,'DASDAJKDHAA',1,1,23,2,2,2,2),
('12212121212B21212',2,'ALI',2,2,23,2,2,2,2),
('12212121212B21212',3,'IMAN',2,2,21,2,2,2,2),
('12212121212B21212',4,'INA',3,1,0,null,null,null,null),
('12212212121B21212',1,'MUTAQIN',1,1,22,2,2,2,2),
('12212212121B21212',2,'ISTRI',2,2,22,2,2,2,2),
('12212212121B21212',3,'BAYI',3,2,0,null,null,null,null),
('12212212212B21212',1,'SJDK',1,1,22,2,2,2,2),
('12212212212B21212',2,'SDFSD',2,2,22,2,2,2,2),
('12212212212B21212',3,'FSDFSD',3,2,0,null,null,null,null),
('21121212121B12111',1,'SUGIARTO ADNAN',1,2,25,1,null,null,null),
('61121212121B21212',1,'OPICK UR',1,1,20,1,null,null,null),
('61121212121B21212',2,'CONTOH',2,2,19,1,null,null,null);
-- Jumlah record = 24-- 

-- Insert Data Blok 5A-- 

INSERT INTO `blok5a` (`NKS`, `B5R1A`, `NO_URUT`, `B5R2`, `B5R3`, `B5R4A1`, `B5R4A2`, `B5R4B`, `B5R4BLain`, `B5R5`, `B5AR6A`, `B5AR6B`, `B5AR6C`, `B5AR6D`, `B5AR6E`, `B5AR6F`, `B5AR6G`, `B5AR6H`, `B5AR6HLain`, `B5AR7`, `B5AR8`, `B5AR9A`, `B5AR9B1`, `B5AR9B2`, `B5AR9B3`, `B5AR9B3Lain`, `B5AR10`, `B5AR11A`, `B5AR11B`, `B5AR11C`, `B5AR11D`, `B5AR11E`, `B5AR11F`, `B5AR11G`, `B5AR11H`, `B5AR11Lain`, `B5AR12`, `B5AR13A`, `B5AR13B`, `B5AR13C`, `B5AR13D`, `B5AR13E`, `B5AR13F`, `B5AR13Lain`) VALUES 
('03050005020B00505','35',1,0,null,'',null,null,'',2,1,1,1,2,1,1,2,1,'REMATIK',1,14,1,1,1,1,'PIJAT',1,3,0,1,2,0,0,0,0,'',2,null,null,null,null,null,null,''),
('03050005020B00505','30',2,0,null,'',null,null,'',2,2,1,1,2,2,1,2,1,'SAKIT KEPALA',1,14,1,1,1,1,'ADEM SARI',1,3,0,0,3,0,0,1,0,'',2,null,null,null,null,null,null,''),
('03050005020B00505','5',3,2,null,'',null,null,'',2,1,1,1,2,1,2,2,1,'MASUK ANGIN',1,5,1,1,1,1,'KROKAN',1,3,0,0,0,0,0,0,0,'',2,null,null,null,null,null,null,''),
('03050005020B00505','0',4,2,null,'EMA',2,1,'',2,1,1,1,2,1,2,2,2,'',1,5,2,null,null,null,'',1,3,1,0,1,0,0,0,0,'',2,null,null,null,null,null,null,''),
('10212121212B21211','68',1,0,null,'',null,null,'',1,2,1,2,1,2,1,2,2,'',1,21,2,null,null,null,'',1,1,1,1,1,1,1,1,1,'KLM,L',2,null,null,null,null,null,null,''),
('11111111111B11111','22',1,0,null,'',null,null,'',1,1,2,2,2,2,2,1,2,'',2,null,1,1,2,2,'',1,1,12,1,1,12,1,1,1,'VS',2,null,null,null,null,null,null,''),
('11111111111B11111','22',2,0,null,'',null,null,'',2,2,1,2,1,2,2,1,2,'',2,null,1,1,1,2,'',1,2,2,2,2,2,2,2,2,'ASDA',2,null,null,null,null,null,null,''),
('11111111111B11111','0',3,0,0,'SUMARGA ADI',1,2,'',2,2,1,2,1,2,1,2,2,'',2,null,2,null,null,null,'',1,2,2,2,2,2,2,2,2,'ASDA',2,null,null,null,null,null,null,''),
('12122212121B21214','21',1,0,null,'',null,null,'',1,2,1,2,1,2,2,2,2,'',1,21,2,null,null,null,'',2,null,null,null,null,null,null,null,null,'',1,0,0,0,0,0,0,''),
('12212121121B21212','22',1,0,null,'',null,null,'',1,2,2,2,1,2,2,2,2,'',2,null,2,null,null,null,'',2,null,null,null,null,null,null,null,null,'',2,null,null,null,null,null,null,''),
('12212121121B21212','0',2,0,1,'ALANSYAH',1,2,'',1,2,2,2,1,2,2,2,2,'',2,null,2,null,null,null,'',2,null,null,null,null,null,null,null,null,'',2,null,null,null,null,null,null,''),
('12212121212B21212','23',1,0,null,'',null,null,'',1,2,2,2,2,2,2,2,2,'',null,null,null,null,null,null,'',null,null,null,null,null,null,null,null,null,'',2,null,null,null,null,null,null,''),
('12212121212B21212','23',2,0,null,'',null,null,'',1,1,2,2,2,2,2,2,2,'',2,null,2,null,null,null,'',2,null,null,null,null,null,null,null,null,'',2,null,null,null,null,null,null,''),
('12212121212B21212','21',3,0,null,'',null,null,'',1,2,2,2,2,2,2,2,2,'',null,null,null,null,null,null,'',null,null,null,null,null,null,null,null,null,'',2,null,null,null,null,null,null,''),
('12212121212B21212','0',4,2,null,'ALI',2,1,'',2,2,2,2,2,2,2,2,2,'',null,null,null,null,null,null,'',null,null,null,null,null,null,null,null,null,'',2,null,null,null,null,null,null,''),
('12212212121B21212','22',1,0,null,'',null,null,'',1,2,2,2,2,2,2,2,2,'',null,null,null,null,null,null,'',null,null,null,null,null,null,null,null,null,'',2,null,null,null,null,null,null,''),
('12212212121B21212','22',2,0,null,'',null,null,'',2,2,2,2,2,1,2,2,2,'',2,null,2,null,null,null,'',2,null,null,null,null,null,null,null,null,'',2,null,null,null,null,null,null,''),
('12212212121B21212','0',3,2,null,'ISTRI',2,1,'',2,2,2,2,2,2,1,2,2,'',2,null,2,null,null,null,'',2,null,null,null,null,null,null,null,null,'',2,null,null,null,null,null,null,''),
('12212212212B21212','22',1,0,null,'',null,null,'',2,2,2,2,2,2,2,2,2,'',null,null,null,null,null,null,'',null,null,null,null,null,null,null,null,null,'',2,null,null,null,null,null,null,''),
('12212212212B21212','22',2,0,null,'',null,null,'',2,2,1,2,2,2,2,2,2,'',2,null,2,null,null,null,'',2,null,null,null,null,null,null,null,null,'',2,null,null,null,null,null,null,''),
('12212212212B21212','0',3,2,null,'SDFSD',2,1,'',2,2,2,2,2,2,2,2,2,'',null,null,null,null,null,null,'',null,null,null,null,null,null,null,null,null,'',2,null,null,null,null,null,null,''),
('21121212121B12111','25',1,0,null,'',null,null,'',1,2,2,1,2,1,1,1,2,'',1,21,1,2,1,2,'',2,null,null,null,null,null,null,null,null,'',2,null,null,null,null,null,null,''),
('61121212121B21212','20',1,null,null,'',null,null,'',1,2,2,2,2,2,1,2,1,'DASFAS',1,12,1,1,1,1,'ASDFA',1,1,1,1,1,1,1,11,1,'SDAD',1,211,11,1,1,1,1,'ASDFA'),
('61121212121B21212','null',2,null,null,'OPICK UR',1,2,'',2,1,1,2,1,1,1,1,1,'12SDFS',1,21,1,1,1,1,'SDFS',1,1,1,1,1,1,1,11,1,'SDFS',1,112,111,11,1,1,1,'SFS');
-- Jumlah record = 24-- 

-- Insert Data Blok 5B-- 

INSERT INTO `blok5b` (`NKS`, `NO_URUT`, `B5BR14A`, `B5BR14B`, `B5BR14C`, `B5BR15A`, `B5BR15B`, `B5BR16`, `B5BR16Lain`, `B5BR17_1`, `B5BR17_2`, `B5BR17_3`, `B5BR17_4`, `B5BR17_5`, `B5BR17_6`, `B5BR17_6Lain`, `B5BR18A`, `B5BR18B1`, `B5BR18B2`, `B5BR18B3`) VALUES 
('03050005020B00505',4,'07','02','1980',0,21,1,'',1,0,0,0,1,0,'',1,1,2,2),
('11111111111B11111',3,'22','11','1985',2,null,2,'',1,2,1,2,1,2,'ADA',2,null,null,null),
('12212121121B21212',2,'11','11','1989',11,null,1,'',1,0,0,0,0,0,'',2,null,null,null),
('12212121212B21212',4,'11','11','1986',0,1,1,'',1,0,0,0,0,0,'',2,null,null,null),
('12212212121B21212',3,'12','12','1987',2,null,1,'',1,1,0,0,0,0,'',2,null,null,null),
('12212212212B21212',3,'22','12','1987',2,null,1,'',1,1,0,0,0,0,'',2,null,null,null);
-- Jumlah record = 6-- 

-- Insert Data Blok 5C-- 

INSERT INTO `blok5c` (`NKS`, `NO_URUT`, `B5CR19`, `B5CR20`, `B5CR21`, `B5CR22A`, `B5CR22B`) VALUES 
('03050005020B00505',1,2,1,1,1,1),
('03050005020B00505',2,2,2,1,2,1),
('03050005020B00505',3,2,2,2,2,2),
('10212121212B21211',1,2,2,1,2,2),
('11111111111B11111',1,2,2,2,2,2),
('11111111111B11111',2,2,2,2,2,2),
('12122212121B21214',1,2,2,2,1,2),
('12212121121B21212',1,2,2,2,2,2),
('12212121212B21212',1,2,2,2,2,2),
('12212121212B21212',2,2,2,2,2,2),
('12212121212B21212',3,2,2,2,2,2),
('12212212121B21212',1,2,2,2,2,2),
('12212212121B21212',2,2,2,2,2,2),
('12212212212B21212',1,2,2,2,2,2),
('12212212212B21212',2,2,2,2,2,2),
('21121212121B12111',1,2,2,2,2,2),
('61121212121B21212',1,1,1,1,1,1),
('61121212121B21212',2,2,2,1,2,1);
-- Jumlah record = 18-- 

-- Insert Data Blok 5DE-- 

INSERT INTO `blok5de` (`NKS`, `NO_URUT`, `B5DR23_1`, `B5DR23_2`, `B5DR23_3`, `B5DR23_4`, `B5DR23_5`, `B5DR23Lain`, `B5DR24`, `B5DR25`, `B5DR25Lengkap`, `B5DR26a`, `B5DR26b`, `B5DR26c`, `B5DR26d`, `B5DR27A`, `B5DR27B`, `B5DR27BLain`, `B5DR27C`, `B5DR27D`, `B5DR27E1`, `B5DR27E2`, `B5DR27E3`, `B5DR27E4`, `B5DR27E5`, `B5DR27E5Lain`, `B5DR28`, `B5DR28Lain`, `B5DR29A`, `B5DR29B1`, `B5DR29B2`, `B5DR29B3`, `B5DR29B4`, `B5DR29BLain`, `B5ER30A`, `B5ER30B`, `B5ER30C1`, `B5ER30C2`, `B5ER30C3`) VALUES 
('03050005020B00505',1,1,2,2,2,2,'',1,16,'GURU KURSUS',3,null,null,21,1,1,'',2,10,1,2,1,2,2,'',0,'',1,2,1,1,2,'',2,null,'','',''),
('03050005020B00505',2,2,2,2,1,1,'KERJA BAKTI',4,null,'',4,null,null,null,1,1,'',2,10,1,2,2,2,2,'',0,'',2,null,null,null,null,'',1,2,'IMUNISASI','IBU HAMIL',''),
('10212121212B21211',1,2,1,2,2,2,'',2,null,'',2,null,null,21,2,null,'',null,null,null,null,null,null,null,'',null,'',2,null,null,null,null,'',1,212,'12121','121','21'),
('11111111111B11111',1,2,2,2,1,2,'',4,null,'',2,null,null,12,1,1,'',1,111,1,1,1,1,1,'ASDA',1,'',1,1,1,1,1,'ASDA',1,111,'25','21',''),
('11111111111B11111',2,2,2,2,1,1,'ASDA',4,null,'',2,null,null,12,1,2,'',1,212,1,2,1,2,2,'',2,'',2,null,null,null,null,'',2,null,'','',''),
('12122212121B21214',1,2,1,2,2,1,'SDF',5,null,'',2,null,null,21,2,null,'',null,null,null,null,null,null,null,'',null,'',2,null,null,null,null,'',2,null,'','',''),
('12212121121B21212',1,2,1,2,2,2,'',2,null,'',2,null,null,2,2,null,'',null,null,null,null,null,null,null,'',null,'',2,null,null,null,null,'',2,null,'','',''),
('12212121212B21212',1,1,2,2,2,2,'',1,2,'DFSDF',4,null,null,null,1,2,'',2,22,2,2,2,2,1,'FSDF',0,'',2,null,null,null,null,'',2,null,'','',''),
('12212121212B21212',2,2,1,2,2,2,'',2,null,'',4,null,null,null,1,2,'',2,222,2,1,2,2,2,'',2,'',2,null,null,null,null,'',2,null,'','',''),
('12212121212B21212',3,2,2,2,2,1,'WEWETREW',5,null,'',2,null,null,22,2,null,'',null,null,null,null,null,null,null,'',null,'',2,null,null,null,null,'',2,null,'','',''),
('12212212121B21212',1,1,2,2,2,2,'',1,12,'DJFHJKS',4,null,null,null,2,null,'',null,null,null,null,null,null,null,'',null,'',2,null,null,null,null,'',2,null,'','',''),
('12212212121B21212',2,1,2,2,2,2,'',1,2,'HFKSD',4,null,null,null,2,null,'',null,null,null,null,null,null,null,'',null,'',2,null,null,null,null,'',2,null,'','',''),
('12212212212B21212',1,2,1,2,2,2,'',2,null,'',4,null,null,null,2,null,'',null,null,null,null,null,null,null,'',null,'',2,null,null,null,null,'',2,null,'','',''),
('12212212212B21212',2,2,1,2,2,2,'',2,null,'',2,null,null,22,2,null,'',null,null,null,null,null,null,null,'',null,'',2,null,null,null,null,'',2,null,'','',''),
('21121212121B12111',1,1,2,1,2,2,'',1,22,'12121',2,null,null,21,2,null,'',null,null,null,null,null,null,null,'',null,'',2,null,null,null,null,'',2,null,'','',''),
('61121212121B21212',1,1,1,1,1,1,'ASDA',1,11,'111ASDA',1,1,11,11,1,1,'',1,111,1,1,1,1,1,'ASDA',1,'',1,1,1,1,1,'ASDA',1,111,'ASDAF','ASDAD','ADA'),
('61121212121B21212',2,2,2,2,1,1,'KERJA BAKTI',4,null,'',4,null,null,null,1,1,'',2,10,1,2,2,2,2,'',0,'',2,null,null,null,null,'',1,2,'IMUNISASI','IBU HAMIL','');
-- Jumlah record = 17-- 

-- Insert Data Blok 6-- 

INSERT INTO `blok6` (`NKS`, `B6R1`, `B6R1BTanah`, `B6R2`, `B6R3A`, `B6R3B`, `B6R4`, `B6R5`, `B6R5Lain`, `B6R6`, `B6R6Lain`, `B6R7`, `B6R8`, `B6R9`, `B6R10`, `B6R11`, `B6R12`, `B6R12Lain`, `B6R13`, `B6R14A`, `B6R14B`, `B6R14C1`, `B6R14C2`, `B6R14C3`) VALUES 
('03050005020B00505',1,'KERAMIK',600,3,3,1,2,'',2,'',1,1,1,1,1,1,'',2,1,1,1,2,2),
('10212121212B21211',2,'',211,11,1,1,1,'',1,'',1,1,1,1,1,1,'',1,1,1,1,1,1),
('11111111111B11111',1,'121212',121,21,1,1,1,'',1,'',1,1,1,1,1,1,'',1,1,1,1,1,1),
('12122212121B21214',2,'',212,12,1,2,1,'',2,'',2,1,2,1,2,2,'',2,1,2,null,null,null),
('12212121121B21212',2,'',122,11,1,1,1,'',1,'',1,2,2,2,2,2,'',2,2,null,null,null,null),
('12212121212B21212',2,'',2,2,2,2,2,'',2,'',2,2,2,2,2,2,'',2,2,null,null,null,null),
('12212212121B21212',2,'',122,11,1,1,2,'',1,'',2,2,2,1,2,2,'',2,2,null,null,null,null),
('12212212212B21212',2,'',333,33,3,2,3,'',3,'',3,3,3,3,3,3,'',2,2,null,null,null,null),
('21121212121B12111',1,'2121212121',212,12,1,2,2,'',2,'',1,2,1,2,1,2,'',1,2,null,null,null,null),
('61121212121B21212',1,'KERAMIK',600,3,3,1,2,'',2,'',1,1,1,1,1,1,'',2,1,1,1,2,2);
-- Jumlah record = 10-- 

-- Insert Data Blok 7A-- 

INSERT INTO `blok7a` (`NKS`, `B7AR1A`, `B7AR1B`, `B7AR2`, `B7AR3A`, `B7AR3B`, `B7AR4`, `B7AR5A`, `B7AR5B`, `B7AR6`, `B7AR7`, `B7AR8`, `B7AR9`, `B7AR10`, `B7AR11`, `B7AR12A`, `B7AR12B`, `B7AR13A`, `B7AR13B`, `B7AR13C`, `B7AR14A`, `B7AR14B`, `B7AR15`) VALUES 
('03050005020B00505',49000,10000,5000,7000,5000,11000,6500,18000,35000,35000,10000,10000,15000,20000,25000,30000,0,0,20000,0,0,311500),
('10212121212B21211',1,1,1,1,1,1,1,1,1,11,1,1,1,1,1,1,1,1,1,1,1,31),
('11111111111B11111',0,0,0,0,0,0,0,0,0,0,0,0,0,0,0,0,0,0,0,0,0,0),
('12122212121B21214',2121,212,121,21,1,1,121212,0,0,0,0,0,0,0,0,0,0,0,0,0,0,123689),
('12212121121B21212',2000,0,0,0,0,0,0,0,0,0,0,0,0,0,0,0,0,0,0,0,0,2000),
('12212121212B21212',1000,0,0,0,0,0,0,0,0,0,0,0,0,0,0,0,0,0,0,0,0,1000),
('12212212121B21212',5000,0,0,0,0,0,0,0,0,0,0,0,0,0,0,0,0,0,0,0,0,5000),
('12212212212B21212',0,0,0,0,0,0,0,0,0,0,0,0,0,0,0,0,0,0,0,0,0,0),
('21121212121B12111',0,0,0,0,0,0,0,0,0,0,0,0,0,0,0,0,0,0,0,0,0,0),
('61121212121B21212',49000,10000,5000,7000,5000,11000,6500,18000,35000,35000,10000,10000,15000,20000,25000,30000,0,0,20000,0,0,311500);
-- Jumlah record = 10-- 

-- Insert Data Blok 7B-- 

INSERT INTO `blok7b` (`NKS`, `B7BR16A2`, `B7BR16A3`, `B7BR16B2`, `B7BR16B3`, `B7BR16C2`, `B7BR16C3`, `B7BR16D2`, `B7BR16D3`, `B7BR17A2`, `B7BR17A3`, `B7BR17B2`, `B7BR17B3`, `B7BR17C2`, `B7BR17C3`, `B7BR17D2`, `B7BR17D3`, `B7BR17E2`, `B7BR17E3`, `B7BR18_2`, `B7BR18_3`, `B7BR19_2`, `B7BR19_3`, `B7BR20A2`, `B7BR20A3`, `B7BR20B2`, `B7BR20B3`, `B7BR20C2`, `B7BR20C3`, `B7BR20D2`, `B7BR20D3`, `B7BR21_2`, `B7BR21_3`, `B7BR22_2`, `B7BR22_3`, `B7BR23`, `B7BR24`, `B7BR25`) VALUES 
('03050005020B00505',0,1000000,45000,150000,0,0,0,0,0,0,0,0,0,0,0,0,0,0,0,0,0,0,0,0,0,0,0,0,0,0,0,0,45000,1150000,0.0,95833.33,95833.33),
('10212121212B21211',0,0,0,0,0,0,0,0,0,0,0,0,0,0,0,0,0,0,0,0,0,0,0,0,0,0,0,0,0,0,0,0,0,0,0.0,0.0,0.0),
('11111111111B11111',0,0,0,0,0,0,0,0,0,0,0,0,0,0,0,0,0,0,0,0,0,0,0,0,0,0,0,0,0,0,0,0,0,0,0.0,0.0,0.0),
('12122212121B21214',0,0,0,0,0,0,0,0,0,0,0,0,0,0,0,0,0,0,0,0,0,0,0,0,0,0,0,0,0,0,0,0,0,0,0.0,0.0,0.0),
('12212121121B21212',0,0,0,0,0,0,0,0,0,0,0,0,0,0,0,0,0,0,0,0,0,0,0,0,0,0,0,0,0,0,0,0,0,0,0.0,0.0,0.0),
('12212121212B21212',0,0,0,0,0,0,0,0,0,0,0,0,0,0,0,0,0,0,0,0,0,0,0,0,0,0,0,0,0,0,0,0,0,0,0.0,0.0,0.0),
('12212212121B21212',0,0,0,0,0,0,0,0,0,0,0,0,0,0,0,0,0,0,0,0,0,0,0,0,0,0,0,0,0,0,0,0,0,0,0.0,0.0,0.0),
('12212212212B21212',0,0,0,0,0,0,0,0,0,0,0,0,0,0,0,0,0,0,0,0,0,0,0,0,0,0,0,0,0,0,0,0,0,0,0.0,0.0,0.0),
('21121212121B12111',0,0,0,0,0,0,0,0,0,0,0,0,0,0,0,0,0,0,0,0,0,0,0,0,0,0,0,0,0,0,0,0,0,0,0.0,0.0,0.0),
('61121212121B21212',0,1000000,45000,150000,0,0,0,0,0,0,0,0,0,0,0,0,0,0,0,0,0,0,0,0,0,0,0,0,0,0,0,0,45000,1150000,0.0,95833.33,95833.33);
-- Jumlah record = 10-- 

-- Insert Data Blok 8A1-- 

INSERT INTO `blok8a1` (`NKS`, `NO_URUT`, `B8AK2`) VALUES 
('03050005020B00505',1,0),
('03050005020B00505',2,0),
('03050005020B00505',3,0),
('03050005020B00505',4,0),
('10212121212B21211',1,11),
('11111111111B11111',1,0),
('11111111111B11111',2,20),
('11111111111B11111',3,0),
('12122212121B21214',1,1),
('12212121121B21212',1,0),
('12212121121B21212',2,1),
('12212121212B21212',1,0),
('12212121212B21212',2,0),
('12212121212B21212',3,0),
('12212121212B21212',4,0),
('12212212121B21212',1,0),
('12212212121B21212',2,0),
('12212212121B21212',3,0),
('12212212212B21212',1,0),
('12212212212B21212',2,0),
('12212212212B21212',3,0),
('21121212121B12111',1,0),
('61121212121B21212',1,0),
('61121212121B21212',2,0);
-- Jumlah record = 24-- 

-- Insert Data Blok 8A2-- 

INSERT INTO `blok8a2` (`NKS`, `B8AK3`, `B8AK3Lain`, `B8AK4`, `B8AK12`) VALUES 
('03050005020B00505',1,'KORAN',1,1),
('10212121212B21211',2,'',null,2),
('11111111111B11111',2,'',null,2),
('12122212121B21214',2,'',null,1),
('12212121121B21212',2,'',null,2),
('12212121212B21212',2,'',null,2),
('12212212121B21212',2,'',null,2),
('12212212212B21212',2,'',null,2),
('21121212121B12111',2,'',null,1),
('61121212121B21212',1,'KORAN',1,1);
-- Jumlah record = 10-- 

-- Insert Data Blok 8A3-- 

INSERT INTO `blok8a3` (`NKS`, `NO_URUT`, `B8AK5`, `B8AK5ALS`, `B8AK6`, `B8AK7`, `B8AK8`, `B8AK9`, `B8AK10`, `B8AK11`) VALUES 
('03050005020B00505',1,1,'',1,2,2,null,2,2),
('03050005020B00505',2,1,'',1,2,2,null,2,2),
('03050005020B00505',3,1,'',1,2,2,null,2,2),
('03050005020B00505',4,1,'',1,1,1,2,2,2),
('10212121212B21211',1,null,'',null,null,null,null,null,null),
('11111111111B11111',1,null,'',null,null,null,null,null,null),
('11111111111B11111',2,null,'',null,null,null,null,null,null),
('11111111111B11111',3,null,'',null,null,null,null,null,null),
('12122212121B21214',1,null,'',null,null,null,null,null,null),
('12212121121B21212',1,null,'',null,null,null,null,null,null),
('12212121121B21212',2,null,'',null,null,null,null,null,null),
('12212121212B21212',1,null,'',null,null,null,null,null,null),
('12212121212B21212',2,null,'',null,null,null,null,null,null),
('12212121212B21212',3,null,'',null,null,null,null,null,null),
('12212121212B21212',4,null,'',null,null,null,null,null,null),
('12212212121B21212',1,null,'',null,null,null,null,null,null),
('12212212121B21212',2,null,'',null,null,null,null,null,null),
('12212212121B21212',3,null,'',null,null,null,null,null,null),
('12212212212B21212',1,null,'',null,null,null,null,null,null),
('12212212212B21212',2,null,'',null,null,null,null,null,null),
('12212212212B21212',3,null,'',null,null,null,null,null,null),
('21121212121B12111',1,null,'',null,null,null,null,null,null),
('61121212121B21212',1,1,'',1,2,2,null,2,2),
('61121212121B21212',2,1,'',1,2,2,null,2,2);
-- Jumlah record = 24-- 

-- Insert Data Blok 8A4-- 

INSERT INTO `blok8a4` (`NKS`, `NO_URUT`, `B8AK13`, `B8AK13ALS`) VALUES 
('03050005020B00505',1,null,''),
('03050005020B00505',2,null,''),
('03050005020B00505',3,null,''),
('03050005020B00505',4,null,''),
('10212121212B21211',1,null,''),
('11111111111B11111',1,null,''),
('11111111111B11111',2,null,''),
('11111111111B11111',3,null,''),
('12122212121B21214',1,null,''),
('12212121121B21212',1,null,''),
('12212121121B21212',2,null,''),
('12212121212B21212',1,null,''),
('12212121212B21212',2,null,''),
('12212121212B21212',3,null,''),
('12212121212B21212',4,null,''),
('12212212121B21212',1,null,''),
('12212212121B21212',2,null,''),
('12212212121B21212',3,null,''),
('12212212212B21212',1,null,''),
('12212212212B21212',2,null,''),
('12212212212B21212',3,null,''),
('21121212121B12111',1,null,''),
('61121212121B21212',1,null,''),
('61121212121B21212',2,null,'');
-- Jumlah record = 24-- 

-- Insert Data Blok 8B-- 

INSERT INTO `blok8b` (`NKS`, `NO_URUT`, `B8BR1`, `B8BR2`, `B8BR3`, `B8BR4`, `B8BR5`, `B8BR6`, `B8BR7`, `B8BR8`, `B8BR9`, `B8BR10`, `B8BR11`, `B8BR12`, `B8BR13`, `B8BR14`, `B8BR15`, `B8BR16`) VALUES 
('03050005020B00505',2,1,0,1,1,1,1,1,1,1,1,1,1,1,1,1,1),
('03050005020B00505',1,1,0,0,1,1,1,1,1,1,1,1,1,1,1,1,1),
('10212121212B21211',1,0,0,0,0,0,0,1,0,0,1,0,0,0,0,0,1),
('11111111111B11111',1,1,1,1,1,1,1,1,1,1,1,1,1,1,1,1,1),
('11111111111B11111',2,1,1,1,1,1,1,1,1,1,1,1,1,1,1,1,1),
('12122212121B21214',1,1,1,0,0,1,0,1,0,1,0,1,0,1,0,1,1),
('12212121121B21212',1,1,1,0,1,0,1,0,1,1,1,1,1,1,0,1,0),
('12212121212B21212',1,1,1,1,1,1,1,1,1,1,1,1,1,1,1,1,1),
('12212121212B21212',2,1,1,1,1,1,1,1,1,1,1,1,1,1,1,1,1),
('12212121212B21212',3,1,1,1,1,0,0,0,1,1,1,1,1,1,1,1,1),
('12212212121B21212',2,1,1,1,1,0,0,1,0,1,1,1,1,1,1,1,1),
('12212212121B21212',1,1,1,0,1,1,1,1,1,1,1,1,1,1,1,1,1),
('12212212212B21212',2,0,1,1,1,1,1,1,1,1,1,1,1,1,1,1,1),
('12212212212B21212',1,null,null,null,null,null,null,null,null,null,null,null,null,1,1,1,1),
('21121212121B12111',1,1,1,1,1,1,1,1,1,1,1,1,1,1,1,1,1);
-- Jumlah record = 15-- 

-- Insert Data Blok 8C-- 

INSERT INTO `blok8c` (`NKS`, `NO_URUT`, `NO_URUTBAYI`, `B8CR1`, `B8CR2`, `B8CR3`, `B8CR4`, `B8CR5`, `B8CR6`, `B8CR7`, `B8CR8`, `B8CR9`, `B8CR10`, `B8CR11`, `B8CR12`, `B8CR13`, `B8CR14`, `B8CR15`, `B8CR16`, `B8CR17`, `B8CR18`) VALUES 
('03050005020B00505',2,4,1,0,0,1,1,1,1,1,1,1,1,1,1,1,1,1,1,1),
('11111111111B11111',1,3,1,1,1,1,1,1,1,1,1,1,1,1,1,1,1,1,1,1),
('12212121121B21212',1,2,0,1,1,1,0,1,0,0,1,1,0,1,0,1,1,1,1,1),
('12212121212B21212',2,4,1,1,1,1,1,1,1,1,1,1,1,1,1,1,1,1,1,1),
('12212212121B21212',2,3,1,1,1,1,1,1,1,1,1,1,1,1,1,1,1,1,1,1),
('12212212212B21212',2,3,0,1,1,1,1,1,1,1,1,1,1,1,1,1,1,1,1,1);
-- Jumlah record = 6-- 

